Review ID,Run,Valid,Topic,Sentiment,Errors
1,1,True,(parse failed),,
1,2,True,(parse failed),,
1,3,True,(parse failed),,
2,1,True,(parse failed),,
2,2,True,(parse failed),,
2,3,True,(parse failed),,
3,1,True,(parse failed),,
3,2,True,(parse failed),,
3,3,True,(parse failed),,
4,1,True,(parse failed),,
4,2,True,(parse failed),,
4,3,True,(parse failed),,
5,1,True,(parse failed),,
5,2,True,(parse failed),,
5,3,True,(parse failed),,
6,1,True,(parse failed),,
6,2,True,(parse failed),,
6,3,True,(parse failed),,
7,1,True,(parse failed),,
7,2,True,(parse failed),,
7,3,True,(parse failed),,
8,1,False,(parse failed),,json_parse_error: Extra data: line 2 column 2 (char 209)
8,2,False,(parse failed),,json_parse_error: Extra data: line 2 column 2 (char 209)
8,3,False,(parse failed),,json_parse_error: Extra data: line 2 column 2 (char 209)
9,1,True,(parse failed),,
9,2,True,(parse failed),,
9,3,True,(parse failed),,
10,1,True,(parse failed),,
10,2,True,(parse failed),,
10,3,True,(parse failed),,
11,1,True,(parse failed),,
11,2,True,(parse failed),,
11,3,True,(parse failed),,
12,1,True,(parse failed),,
12,2,True,(parse failed),,
12,3,True,(parse failed),,
13,1,True,(parse failed),,
13,2,True,(parse failed),,
13,3,True,(parse failed),,
14,1,True,(parse failed),,
14,2,True,(parse failed),,
14,3,True,(parse failed),,
15,1,True,(parse failed),,
15,2,True,(parse failed),,
15,3,True,(parse failed),,
16,1,True,(parse failed),,
16,2,True,(parse failed),,
16,3,True,(parse failed),,
17,1,True,(parse failed),,
17,2,True,(parse failed),,
17,3,True,(parse failed),,
18,1,True,(parse failed),,
18,2,True,(parse failed),,
18,3,True,(parse failed),,
19,1,True,(parse failed),,
19,2,True,(parse failed),,
19,3,True,(parse failed),,
20,1,True,(parse failed),,
20,2,True,(parse failed),,
20,3,True,(parse failed),,
21,1,True,(parse failed),,
21,2,True,(parse failed),,
21,3,True,(parse failed),,
22,1,True,(parse failed),,
22,2,True,(parse failed),,
22,3,True,(parse failed),,
23,1,False,(parse failed),,json_parse_error: Extra data: line 3 column 2 (char 195)
23,2,False,(parse failed),,json_parse_error: Extra data: line 2 column 2 (char 194)
23,3,False,(parse failed),,json_parse_error: Extra data: line 2 column 2 (char 194)
24,1,False,(parse failed),,json_parse_error: Extra data: line 2 column 2 (char 215)
24,2,False,(parse failed),,json_parse_error: Extra data: line 2 column 2 (char 215)
24,3,False,(parse failed),,json_parse_error: Extra data: line 2 column 2 (char 215)
25,1,True,(parse failed),,
25,2,True,(parse failed),,
25,3,True,(parse failed),,
26,1,True,(parse failed),,
26,2,True,(parse failed),,
26,3,True,(parse failed),,
27,1,False,(parse failed),,json_parse_error: Extra data: line 3 column 1 (char 214)
27,2,False,(parse failed),,"Location: label must be 'Positive', 'Negative', or null; Food: label must be 'Positive', 'Negative', or null; Price: label must be 'Positive', 'Negative', or null; Facility: label must be 'Positive', 'Negative', or null; Check-in: label must be 'Positive', 'Negative', or null; Check-out: label must be 'Positive', 'Negative', or null; Off: label must be 'Positive', 'Negative', or null; Booking-issue: label must be 'Positive', 'Negative', or null; Taxi-issue: label must be 'Positive', 'Negative', or null"
27,3,False,(parse failed),,"Location: label must be 'Positive', 'Negative', or null; Food: label must be 'Positive', 'Negative', or null; Price: label must be 'Positive', 'Negative', or null; Facility: label must be 'Positive', 'Negative', or null; Check-in: label must be 'Positive', 'Negative', or null; Check-out: label must be 'Positive', 'Negative', or null; Off: label must be 'Positive', 'Negative', or null; Booking-issue: label must be 'Positive', 'Negative', or null; Taxi-issue: label must be 'Positive', 'Negative', or null"
28,1,False,(parse failed),,json_parse_error: Extra data: line 2 column 1 (char 200)
28,2,False,(parse failed),,json_parse_error: Extra data: line 2 column 2 (char 201)
28,3,False,(parse failed),,json_parse_error: Extra data: line 2 column 2 (char 201)
29,1,True,(parse failed),,
29,2,True,(parse failed),,
29,3,True,(parse failed),,
30,1,True,(parse failed),,
30,2,True,(parse failed),,
30,3,True,(parse failed),,
31,1,True,(parse failed),,
31,2,True,(parse failed),,
31,3,True,(parse failed),,
32,1,True,(parse failed),,
32,2,True,(parse failed),,
32,3,True,(parse failed),,
33,1,True,(parse failed),,
33,2,True,(parse failed),,
33,3,True,(parse failed),,
34,1,True,(parse failed),,
34,2,True,(parse failed),,
34,3,True,(parse failed),,
35,1,False,(parse failed),,json_parse_error: Extra data: line 2 column 1 (char 211)
35,2,False,(parse failed),,json_parse_error: Extra data: line 2 column 1 (char 211)
35,3,False,(parse failed),,json_parse_error: Extra data: line 2 column 1 (char 211)
36,1,True,(parse failed),,
36,2,True,(parse failed),,
36,3,True,(parse failed),,
37,1,True,(parse failed),,
37,2,True,(parse failed),,
37,3,True,(parse failed),,
38,1,True,(parse failed),,
38,2,True,(parse failed),,
38,3,True,(parse failed),,
39,1,True,(parse failed),,
39,2,True,(parse failed),,
39,3,True,(parse failed),,
40,1,True,(parse failed),,
40,2,True,(parse failed),,
40,3,True,(parse failed),,
41,1,True,(parse failed),,
41,2,True,(parse failed),,
41,3,True,(parse failed),,
42,1,True,(parse failed),,
42,2,True,(parse failed),,
42,3,True,(parse failed),,
43,1,True,(parse failed),,
43,2,True,(parse failed),,
43,3,True,(parse failed),,
44,1,False,(parse failed),,json_parse_error: Extra data: line 3 column 2 (char 211)
44,2,True,(parse failed),,
44,3,True,(parse failed),,
45,1,True,(parse failed),,
45,2,True,(parse failed),,
45,3,True,(parse failed),,
46,1,True,(parse failed),,
46,2,True,(parse failed),,
46,3,True,(parse failed),,
47,1,True,(parse failed),,
47,2,True,(parse failed),,
47,3,True,(parse failed),,
48,1,True,(parse failed),,
48,2,True,(parse failed),,
48,3,True,(parse failed),,
49,1,True,(parse failed),,
49,2,True,(parse failed),,
49,3,True,(parse failed),,
50,1,False,(parse failed),,json_parse_error: Extra data: line 2 column 2 (char 208)
50,2,False,(parse failed),,json_parse_error: Extra data: line 2 column 2 (char 208)
50,3,False,(parse failed),,json_parse_error: Extra data: line 2 column 2 (char 208)
51,1,True,(parse failed),,
51,2,True,(parse failed),,
51,3,True,(parse failed),,
52,1,True,(parse failed),,
52,2,True,(parse failed),,
52,3,True,(parse failed),,
53,1,True,(parse failed),,
53,2,True,(parse failed),,
53,3,True,(parse failed),,
54,1,True,(parse failed),,
54,2,True,(parse failed),,
54,3,True,(parse failed),,
55,1,False,(parse failed),,json_parse_error: Extra data: line 2 column 1 (char 237)
55,2,False,(parse failed),,json_parse_error: Extra data: line 3 column 1 (char 238)
55,3,False,(parse failed),,json_parse_error: Extra data: line 3 column 1 (char 238)
56,1,True,(parse failed),,
56,2,False,(parse failed),,json_parse_error: Extra data: line 3 column 1 (char 210)
56,3,False,(parse failed),,json_parse_error: Extra data: line 3 column 1 (char 210)
57,1,True,(parse failed),,
57,2,True,(parse failed),,
57,3,True,(parse failed),,
58,1,True,(parse failed),,
58,2,True,(parse failed),,
58,3,True,(parse failed),,
59,1,False,(parse failed),,json_parse_error: Extra data: line 3 column 1 (char 191)
59,2,False,(parse failed),,json_parse_error: Extra data: line 2 column 2 (char 198)
59,3,False,(parse failed),,json_parse_error: Extra data: line 2 column 2 (char 198)
60,1,True,(parse failed),,
60,2,True,(parse failed),,
60,3,True,(parse failed),,
61,1,True,(parse failed),,
61,2,True,(parse failed),,
61,3,True,(parse failed),,
62,1,False,(parse failed),,"Food: label must be 'Positive', 'Negative', or null; Price: label must be 'Positive', 'Negative', or null; Check-in: label must be 'Positive', 'Negative', or null; Check-out: label must be 'Positive', 'Negative', or null; Off: label must be 'Positive', 'Negative', or null; Booking-issue: label must be 'Positive', 'Negative', or null; Taxi-issue: label must be 'Positive', 'Negative', or null"
62,2,False,(parse failed),,"Food: label must be 'Positive', 'Negative', or null; Price: label must be 'Positive', 'Negative', or null; Check-in: label must be 'Positive', 'Negative', or null; Check-out: label must be 'Positive', 'Negative', or null; Off: label must be 'Positive', 'Negative', or null; Booking-issue: label must be 'Positive', 'Negative', or null; Taxi-issue: label must be 'Positive', 'Negative', or null"
62,3,False,(parse failed),,"Food: label must be 'Positive', 'Negative', or null; Price: label must be 'Positive', 'Negative', or null; Check-in: label must be 'Positive', 'Negative', or null; Check-out: label must be 'Positive', 'Negative', or null; Off: label must be 'Positive', 'Negative', or null; Booking-issue: label must be 'Positive', 'Negative', or null; Taxi-issue: label must be 'Positive', 'Negative', or null"
63,1,True,(parse failed),,
63,2,True,(parse failed),,
63,3,True,(parse failed),,
64,1,True,(parse failed),,
64,2,True,(parse failed),,
64,3,True,(parse failed),,
65,1,False,(parse failed),,json_parse_error: Expecting ':' delimiter: line 1 column 205 (char 204)
65,2,False,(parse failed),,json_parse_error: Expecting ':' delimiter: line 1 column 205 (char 204)
65,3,False,(parse failed),,json_parse_error: Expecting ':' delimiter: line 1 column 205 (char 204)
66,1,True,(parse failed),,
66,2,True,(parse failed),,
66,3,True,(parse failed),,
67,1,True,(parse failed),,
67,2,True,(parse failed),,
67,3,True,(parse failed),,
68,1,True,(parse failed),,
68,2,True,(parse failed),,
68,3,True,(parse failed),,
69,1,True,(parse failed),,
69,2,True,(parse failed),,
69,3,True,(parse failed),,
70,1,True,(parse failed),,
70,2,True,(parse failed),,
70,3,True,(parse failed),,
71,1,True,(parse failed),,
71,2,True,(parse failed),,
71,3,True,(parse failed),,
72,1,True,(parse failed),,
72,2,True,(parse failed),,
72,3,True,(parse failed),,
73,1,True,(parse failed),,
73,2,True,(parse failed),,
73,3,True,(parse failed),,
74,1,True,(parse failed),,
74,2,True,(parse failed),,
74,3,True,(parse failed),,
75,1,True,(parse failed),,
75,2,True,(parse failed),,
75,3,True,(parse failed),,
76,1,True,(parse failed),,
76,2,True,(parse failed),,
76,3,True,(parse failed),,
77,1,True,(parse failed),,
77,2,True,(parse failed),,
77,3,True,(parse failed),,
78,1,True,(parse failed),,
78,2,True,(parse failed),,
78,3,True,(parse failed),,
79,1,True,(parse failed),,
79,2,True,(parse failed),,
79,3,True,(parse failed),,
80,1,True,(parse failed),,
80,2,True,(parse failed),,
80,3,True,(parse failed),,
81,1,True,(parse failed),,
81,2,True,(parse failed),,
81,3,True,(parse failed),,
82,1,True,(parse failed),,
82,2,True,(parse failed),,
82,3,True,(parse failed),,
83,1,True,(parse failed),,
83,2,True,(parse failed),,
83,3,True,(parse failed),,
84,1,True,(parse failed),,
84,2,True,(parse failed),,
84,3,True,(parse failed),,
85,1,True,(parse failed),,
85,2,True,(parse failed),,
85,3,True,(parse failed),,
86,1,False,(parse failed),,json_parse_error: Extra data: line 2 column 1 (char 207)
86,2,False,(parse failed),,json_parse_error: Extra data: line 2 column 1 (char 207)
86,3,False,(parse failed),,json_parse_error: Extra data: line 2 column 1 (char 207)
87,1,False,(parse failed),,json_parse_error: Extra data: line 2 column 1 (char 207)
87,2,False,(parse failed),,json_parse_error: Extra data: line 2 column 1 (char 207)
87,3,False,(parse failed),,json_parse_error: Extra data: line 2 column 1 (char 207)
88,1,True,(parse failed),,
88,2,True,(parse failed),,
88,3,True,(parse failed),,
89,1,True,(parse failed),,
89,2,False,(parse failed),,"Staff: label must be 'Positive', 'Negative', or null; Location: label must be 'Positive', 'Negative', or null; Food: label must be 'Positive', 'Negative', or null; Price: label must be 'Positive', 'Negative', or null; Facility: label must be 'Positive', 'Negative', or null; Check-out: label must be 'Positive', 'Negative', or null; Off: label must be 'Positive', 'Negative', or null; Booking-issue: label must be 'Positive', 'Negative', or null; Taxi-issue: label must be 'Positive', 'Negative', or null"
89,3,False,(parse failed),,"Staff: label must be 'Positive', 'Negative', or null; Location: label must be 'Positive', 'Negative', or null; Food: label must be 'Positive', 'Negative', or null; Price: label must be 'Positive', 'Negative', or null; Facility: label must be 'Positive', 'Negative', or null; Check-out: label must be 'Positive', 'Negative', or null; Off: label must be 'Positive', 'Negative', or null; Booking-issue: label must be 'Positive', 'Negative', or null; Taxi-issue: label must be 'Positive', 'Negative', or null"
90,1,False,(parse failed),,json_parse_error: Extra data: line 3 column 1 (char 211)
90,2,False,(parse failed),,json_parse_error: Extra data: line 3 column 1 (char 211)
90,3,False,(parse failed),,json_parse_error: Extra data: line 3 column 1 (char 211)
91,1,True,(parse failed),,
91,2,True,(parse failed),,
91,3,True,(parse failed),,
92,1,False,(parse failed),,json_parse_error: Extra data: line 3 column 1 (char 217)
92,2,False,(parse failed),,json_parse_error: Extra data: line 3 column 1 (char 217)
92,3,False,(parse failed),,json_parse_error: Extra data: line 3 column 1 (char 217)
93,1,True,(parse failed),,
93,2,True,(parse failed),,
93,3,True,(parse failed),,
94,1,True,(parse failed),,
94,2,True,(parse failed),,
94,3,True,(parse failed),,
95,1,True,(parse failed),,
95,2,True,(parse failed),,
95,3,True,(parse failed),,
96,1,True,(parse failed),,
96,2,True,(parse failed),,
96,3,True,(parse failed),,
97,1,True,(parse failed),,
97,2,True,(parse failed),,
97,3,True,(parse failed),,
98,1,True,(parse failed),,
98,2,True,(parse failed),,
98,3,True,(parse failed),,
99,1,True,(parse failed),,
99,2,True,(parse failed),,
99,3,True,(parse failed),,
100,1,True,(parse failed),,
100,2,True,(parse failed),,
100,3,True,(parse failed),,
101,1,True,(parse failed),,
101,2,True,(parse failed),,
101,3,True,(parse failed),,
102,1,True,(parse failed),,
102,2,True,(parse failed),,
102,3,True,(parse failed),,
103,1,False,(parse failed),,json_parse_error: Extra data: line 3 column 1 (char 204)
103,2,True,(parse failed),,
103,3,True,(parse failed),,
104,1,True,(parse failed),,
104,2,True,(parse failed),,
104,3,True,(parse failed),,
105,1,True,(parse failed),,
105,2,True,(parse failed),,
105,3,True,(parse failed),,
106,1,True,(parse failed),,
106,2,True,(parse failed),,
106,3,True,(parse failed),,
107,1,True,(parse failed),,
107,2,True,(parse failed),,
107,3,True,(parse failed),,
108,1,True,(parse failed),,
108,2,True,(parse failed),,
108,3,True,(parse failed),,
109,1,True,(parse failed),,
109,2,True,(parse failed),,
109,3,True,(parse failed),,
110,1,True,(parse failed),,
110,2,True,(parse failed),,
110,3,True,(parse failed),,
111,1,True,(parse failed),,
111,2,True,(parse failed),,
111,3,True,(parse failed),,
112,1,True,(parse failed),,
112,2,True,(parse failed),,
112,3,True,(parse failed),,
113,1,True,(parse failed),,
113,2,True,(parse failed),,
113,3,True,(parse failed),,
114,1,True,(parse failed),,
114,2,True,(parse failed),,
114,3,True,(parse failed),,
115,1,True,(parse failed),,
115,2,True,(parse failed),,
115,3,True,(parse failed),,
116,1,True,(parse failed),,
116,2,True,(parse failed),,
116,3,True,(parse failed),,
117,1,True,(parse failed),,
117,2,True,(parse failed),,
117,3,True,(parse failed),,
118,1,True,(parse failed),,
118,2,True,(parse failed),,
118,3,True,(parse failed),,
119,1,True,(parse failed),,
119,2,True,(parse failed),,
119,3,True,(parse failed),,
120,1,True,(parse failed),,
120,2,True,(parse failed),,
120,3,True,(parse failed),,
121,1,True,(parse failed),,
121,2,True,(parse failed),,
121,3,True,(parse failed),,
122,1,True,(parse failed),,
122,2,True,(parse failed),,
122,3,True,(parse failed),,
123,1,True,(parse failed),,
123,2,True,(parse failed),,
123,3,True,(parse failed),,
124,1,True,(parse failed),,
124,2,True,(parse failed),,
124,3,True,(parse failed),,
125,1,True,(parse failed),,
125,2,True,(parse failed),,
125,3,True,(parse failed),,
126,1,True,(parse failed),,
126,2,True,(parse failed),,
126,3,True,(parse failed),,
127,1,True,(parse failed),,
127,2,True,(parse failed),,
127,3,True,(parse failed),,
128,1,True,(parse failed),,
128,2,True,(parse failed),,
128,3,True,(parse failed),,
129,1,True,(parse failed),,
129,2,True,(parse failed),,
129,3,True,(parse failed),,
130,1,True,(parse failed),,
130,2,True,(parse failed),,
130,3,True,(parse failed),,
131,1,True,(parse failed),,
131,2,True,(parse failed),,
131,3,True,(parse failed),,
132,1,True,(parse failed),,
132,2,True,(parse failed),,
132,3,True,(parse failed),,
133,1,True,(parse failed),,
133,2,True,(parse failed),,
133,3,True,(parse failed),,
134,1,True,(parse failed),,
134,2,True,(parse failed),,
134,3,True,(parse failed),,
135,1,True,(parse failed),,
135,2,True,(parse failed),,
135,3,True,(parse failed),,
136,1,True,(parse failed),,
136,2,True,(parse failed),,
136,3,True,(parse failed),,
137,1,False,(parse failed),,json_parse_error: Extra data: line 4 column 1 (char 215)
137,2,False,(parse failed),,json_parse_error: Extra data: line 3 column 2 (char 249)
137,3,False,(parse failed),,json_parse_error: Extra data: line 3 column 2 (char 249)
138,1,True,(parse failed),,
138,2,True,(parse failed),,
138,3,True,(parse failed),,
139,1,False,(parse failed),,json_parse_error: Extra data: line 3 column 1 (char 202)
139,2,False,(parse failed),,json_parse_error: Extra data: line 3 column 1 (char 202)
139,3,False,(parse failed),,json_parse_error: Extra data: line 3 column 1 (char 202)
140,1,True,(parse failed),,
140,2,True,(parse failed),,
140,3,True,(parse failed),,
141,1,True,(parse failed),,
141,2,True,(parse failed),,
141,3,True,(parse failed),,
142,1,True,(parse failed),,
142,2,True,(parse failed),,
142,3,True,(parse failed),,
143,1,True,(parse failed),,
143,2,True,(parse failed),,
143,3,True,(parse failed),,
144,1,True,(parse failed),,
144,2,True,(parse failed),,
144,3,True,(parse failed),,
145,1,True,(parse failed),,
145,2,True,(parse failed),,
145,3,True,(parse failed),,
146,1,True,(parse failed),,
146,2,True,(parse failed),,
146,3,True,(parse failed),,
147,1,True,(parse failed),,
147,2,True,(parse failed),,
147,3,True,(parse failed),,
148,1,False,(parse failed),,json_parse_error: Extra data: line 3 column 1 (char 190)
148,2,False,(parse failed),,json_parse_error: Extra data: line 3 column 1 (char 190)
148,3,False,(parse failed),,json_parse_error: Extra data: line 3 column 1 (char 190)
149,1,True,(parse failed),,
149,2,True,(parse failed),,
149,3,True,(parse failed),,
150,1,True,(parse failed),,
150,2,True,(parse failed),,
150,3,True,(parse failed),,
151,1,True,(parse failed),,
151,2,True,(parse failed),,
151,3,True,(parse failed),,
152,1,True,(parse failed),,
152,2,True,(parse failed),,
152,3,True,(parse failed),,
153,1,False,(parse failed),,"Check-out: label must be 'Positive', 'Negative', or null; Off: label must be 'Positive', 'Negative', or null; Booking-issue: label must be 'Positive', 'Negative', or null; Taxi-issue: label must be 'Positive', 'Negative', or null"
153,2,False,(parse failed),,"Check-out: label must be 'Positive', 'Negative', or null; Off: label must be 'Positive', 'Negative', or null; Booking-issue: label must be 'Positive', 'Negative', or null; Taxi-issue: label must be 'Positive', 'Negative', or null"
153,3,False,(parse failed),,"Check-out: label must be 'Positive', 'Negative', or null; Off: label must be 'Positive', 'Negative', or null; Booking-issue: label must be 'Positive', 'Negative', or null; Taxi-issue: label must be 'Positive', 'Negative', or null"
154,1,True,(parse failed),,
154,2,True,(parse failed),,
154,3,True,(parse failed),,
155,1,True,(parse failed),,
155,2,True,(parse failed),,
155,3,True,(parse failed),,
156,1,True,(parse failed),,
156,2,True,(parse failed),,
156,3,True,(parse failed),,
157,1,True,(parse failed),,
157,2,True,(parse failed),,
157,3,True,(parse failed),,
158,1,False,(parse failed),,json_parse_error: Extra data: line 3 column 2 (char 210)
158,2,False,(parse failed),,json_parse_error: Extra data: line 3 column 2 (char 210)
158,3,False,(parse failed),,json_parse_error: Extra data: line 3 column 2 (char 210)
159,1,True,(parse failed),,
159,2,True,(parse failed),,
159,3,True,(parse failed),,
160,1,True,(parse failed),,
160,2,True,(parse failed),,
160,3,True,(parse failed),,
161,1,True,(parse failed),,
161,2,True,(parse failed),,
161,3,True,(parse failed),,
162,1,True,(parse failed),,
162,2,True,(parse failed),,
162,3,True,(parse failed),,
163,1,True,(parse failed),,
163,2,True,(parse failed),,
163,3,True,(parse failed),,
164,1,True,(parse failed),,
164,2,True,(parse failed),,
164,3,True,(parse failed),,
165,1,True,(parse failed),,
165,2,True,(parse failed),,
165,3,True,(parse failed),,
166,1,True,(parse failed),,
166,2,True,(parse failed),,
166,3,True,(parse failed),,
167,1,True,(parse failed),,
167,2,True,(parse failed),,
167,3,True,(parse failed),,
168,1,True,(parse failed),,
168,2,True,(parse failed),,
168,3,True,(parse failed),,
169,1,True,(parse failed),,
169,2,True,(parse failed),,
169,3,True,(parse failed),,
170,1,True,(parse failed),,
170,2,True,(parse failed),,
170,3,True,(parse failed),,
171,1,True,(parse failed),,
171,2,True,(parse failed),,
171,3,True,(parse failed),,
172,1,True,(parse failed),,
172,2,True,(parse failed),,
172,3,True,(parse failed),,
173,1,True,(parse failed),,
173,2,True,(parse failed),,
173,3,True,(parse failed),,
174,1,True,(parse failed),,
174,2,True,(parse failed),,
174,3,True,(parse failed),,
175,1,True,(parse failed),,
175,2,True,(parse failed),,
175,3,True,(parse failed),,
176,1,True,(parse failed),,
176,2,True,(parse failed),,
176,3,True,(parse failed),,
177,1,True,(parse failed),,
177,2,True,(parse failed),,
177,3,True,(parse failed),,
178,1,True,(parse failed),,
178,2,True,(parse failed),,
178,3,True,(parse failed),,
179,1,True,(parse failed),,
179,2,True,(parse failed),,
179,3,True,(parse failed),,
180,1,False,(parse failed),,'Location' is a required property; 'Price' is a required property; 'Check-in' is a required property; 'Check-out' is a required property; 'Off' is a required property; 'Booking-issue' is a required property; 'Taxi-issue' is a required property
180,2,False,(parse failed),,'Location' is a required property; 'Price' is a required property; 'Check-in' is a required property; 'Check-out' is a required property; 'Off' is a required property; 'Booking-issue' is a required property; 'Taxi-issue' is a required property
180,3,False,(parse failed),,'Location' is a required property; 'Price' is a required property; 'Check-in' is a required property; 'Check-out' is a required property; 'Off' is a required property; 'Booking-issue' is a required property; 'Taxi-issue' is a required property
181,1,True,(parse failed),,
181,2,True,(parse failed),,
181,3,True,(parse failed),,
182,1,True,(parse failed),,
182,2,True,(parse failed),,
182,3,True,(parse failed),,
183,1,True,(parse failed),,
183,2,True,(parse failed),,
183,3,True,(parse failed),,
184,1,True,(parse failed),,
184,2,True,(parse failed),,
184,3,True,(parse failed),,
185,1,True,(parse failed),,
185,2,True,(parse failed),,
185,3,True,(parse failed),,
186,1,True,(parse failed),,
186,2,True,(parse failed),,
186,3,True,(parse failed),,
187,1,True,(parse failed),,
187,2,True,(parse failed),,
187,3,True,(parse failed),,
188,1,True,(parse failed),,
188,2,True,(parse failed),,
188,3,True,(parse failed),,
189,1,True,(parse failed),,
189,2,True,(parse failed),,
189,3,True,(parse failed),,
190,1,False,(parse failed),,'Check-out' is a required property
190,2,False,(parse failed),,'Check-out' is a required property
190,3,False,(parse failed),,'Check-out' is a required property
191,1,True,(parse failed),,
191,2,True,(parse failed),,
191,3,True,(parse failed),,
192,1,False,(parse failed),,json_parse_error: Extra data: line 3 column 1 (char 208)
192,2,False,(parse failed),,json_parse_error: Extra data: line 3 column 1 (char 208)
192,3,False,(parse failed),,json_parse_error: Extra data: line 3 column 1 (char 208)
193,1,True,(parse failed),,
193,2,True,(parse failed),,
193,3,True,(parse failed),,
194,1,True,(parse failed),,
194,2,True,(parse failed),,
194,3,True,(parse failed),,
195,1,True,(parse failed),,
195,2,True,(parse failed),,
195,3,True,(parse failed),,
196,1,True,(parse failed),,
196,2,True,(parse failed),,
196,3,True,(parse failed),,
197,1,True,(parse failed),,
197,2,True,(parse failed),,
197,3,True,(parse failed),,
198,1,True,(parse failed),,
198,2,True,(parse failed),,
198,3,True,(parse failed),,
199,1,True,(parse failed),,
199,2,True,(parse failed),,
199,3,True,(parse failed),,
200,1,True,(parse failed),,
200,2,True,(parse failed),,
200,3,True,(parse failed),,
201,1,True,(parse failed),,
201,2,True,(parse failed),,
201,3,True,(parse failed),,
202,1,True,(parse failed),,
202,2,True,(parse failed),,
202,3,True,(parse failed),,
203,1,True,(parse failed),,
203,2,True,(parse failed),,
203,3,True,(parse failed),,
204,1,True,(parse failed),,
204,2,True,(parse failed),,
204,3,True,(parse failed),,
205,1,True,(parse failed),,
205,2,True,(parse failed),,
205,3,True,(parse failed),,
206,1,True,(parse failed),,
206,2,True,(parse failed),,
206,3,True,(parse failed),,
207,1,True,(parse failed),,
207,2,True,(parse failed),,
207,3,True,(parse failed),,
208,1,False,(parse failed),,json_parse_error: Extra data: line 3 column 1 (char 217)
208,2,False,(parse failed),,json_parse_error: Extra data: line 3 column 1 (char 217)
208,3,False,(parse failed),,json_parse_error: Extra data: line 3 column 1 (char 217)
209,1,False,(parse failed),,json_parse_error: Extra data: line 3 column 1 (char 215)
209,2,False,(parse failed),,json_parse_error: Extra data: line 3 column 1 (char 215)
209,3,False,(parse failed),,json_parse_error: Extra data: line 3 column 1 (char 215)
210,1,True,(parse failed),,
210,2,True,(parse failed),,
210,3,True,(parse failed),,
211,1,True,(parse failed),,
211,2,True,(parse failed),,
211,3,True,(parse failed),,
212,1,True,(parse failed),,
212,2,True,(parse failed),,
212,3,True,(parse failed),,
213,1,False,(parse failed),,json_parse_error: Extra data: line 4 column 1 (char 204)
213,2,False,(parse failed),,json_parse_error: Extra data: line 4 column 1 (char 204)
213,3,False,(parse failed),,json_parse_error: Extra data: line 4 column 1 (char 204)
214,1,False,(parse failed),,'Check-out' is a required property
214,2,False,(parse failed),,'Check-out' is a required property
214,3,False,(parse failed),,'Check-out' is a required property
215,1,True,(parse failed),,
215,2,True,(parse failed),,
215,3,True,(parse failed),,
216,1,True,(parse failed),,
216,2,True,(parse failed),,
216,3,True,(parse failed),,
217,1,True,(parse failed),,
217,2,True,(parse failed),,
217,3,True,(parse failed),,
218,1,True,(parse failed),,
218,2,True,(parse failed),,
218,3,True,(parse failed),,
219,1,True,(parse failed),,
219,2,True,(parse failed),,
219,3,True,(parse failed),,
220,1,False,(parse failed),,json_parse_error: Extra data: line 3 column 1 (char 214)
220,2,True,(parse failed),,
220,3,True,(parse failed),,
221,1,True,(parse failed),,
221,2,True,(parse failed),,
221,3,True,(parse failed),,
222,1,True,(parse failed),,
222,2,True,(parse failed),,
222,3,True,(parse failed),,
223,1,False,(parse failed),,json_parse_error: Extra data: line 2 column 2 (char 215)
223,2,False,(parse failed),,json_parse_error: Extra data: line 2 column 2 (char 215)
223,3,False,(parse failed),,json_parse_error: Extra data: line 2 column 2 (char 215)
224,1,False,(parse failed),,json_parse_error: Extra data: line 3 column 1 (char 205)
224,2,False,(parse failed),,json_parse_error: Extra data: line 3 column 1 (char 205)
224,3,False,(parse failed),,json_parse_error: Extra data: line 3 column 1 (char 205)
225,1,True,(parse failed),,
225,2,True,(parse failed),,
225,3,True,(parse failed),,
226,1,True,(parse failed),,
226,2,True,(parse failed),,
226,3,True,(parse failed),,
227,1,False,(parse failed),,json_parse_error: Extra data: line 3 column 1 (char 205)
227,2,False,(parse failed),,json_parse_error: Extra data: line 4 column 1 (char 207)
227,3,False,(parse failed),,json_parse_error: Extra data: line 4 column 1 (char 207)
228,1,True,(parse failed),,
228,2,True,(parse failed),,
228,3,True,(parse failed),,
229,1,True,(parse failed),,
229,2,True,(parse failed),,
229,3,True,(parse failed),,
230,1,True,(parse failed),,
230,2,True,(parse failed),,
230,3,True,(parse failed),,
231,1,True,(parse failed),,
231,2,True,(parse failed),,
231,3,True,(parse failed),,
232,1,True,(parse failed),,
232,2,True,(parse failed),,
232,3,True,(parse failed),,
233,1,True,(parse failed),,
233,2,True,(parse failed),,
233,3,True,(parse failed),,
234,1,True,(parse failed),,
234,2,True,(parse failed),,
234,3,True,(parse failed),,
235,1,False,(parse failed),,json_parse_error: Extra data: line 3 column 1 (char 208)
235,2,False,(parse failed),,json_parse_error: Extra data: line 3 column 1 (char 208)
235,3,False,(parse failed),,json_parse_error: Extra data: line 3 column 1 (char 208)
236,1,True,(parse failed),,
236,2,True,(parse failed),,
236,3,True,(parse failed),,
237,1,True,(parse failed),,
237,2,True,(parse failed),,
237,3,True,(parse failed),,
238,1,True,(parse failed),,
238,2,True,(parse failed),,
238,3,True,(parse failed),,
239,1,True,(parse failed),,
239,2,True,(parse failed),,
239,3,True,(parse failed),,
240,1,True,(parse failed),,
240,2,True,(parse failed),,
240,3,True,(parse failed),,
241,1,True,(parse failed),,
241,2,True,(parse failed),,
241,3,True,(parse failed),,
242,1,True,(parse failed),,
242,2,True,(parse failed),,
242,3,True,(parse failed),,
243,1,True,(parse failed),,
243,2,True,(parse failed),,
243,3,True,(parse failed),,
244,1,True,(parse failed),,
244,2,True,(parse failed),,
244,3,True,(parse failed),,
245,1,True,(parse failed),,
245,2,True,(parse failed),,
245,3,True,(parse failed),,
246,1,True,(parse failed),,
246,2,True,(parse failed),,
246,3,True,(parse failed),,
247,1,True,(parse failed),,
247,2,True,(parse failed),,
247,3,True,(parse failed),,
248,1,True,(parse failed),,
248,2,True,(parse failed),,
248,3,True,(parse failed),,
249,1,True,(parse failed),,
249,2,True,(parse failed),,
249,3,True,(parse failed),,
250,1,True,(parse failed),,
250,2,True,(parse failed),,
250,3,True,(parse failed),,
251,1,True,(parse failed),,
251,2,True,(parse failed),,
251,3,True,(parse failed),,
252,1,True,(parse failed),,
252,2,True,(parse failed),,
252,3,True,(parse failed),,
253,1,True,(parse failed),,
253,2,True,(parse failed),,
253,3,True,(parse failed),,
254,1,True,(parse failed),,
254,2,True,(parse failed),,
254,3,True,(parse failed),,
255,1,True,(parse failed),,
255,2,True,(parse failed),,
255,3,True,(parse failed),,
256,1,True,(parse failed),,
256,2,True,(parse failed),,
256,3,True,(parse failed),,
257,1,True,(parse failed),,
257,2,True,(parse failed),,
257,3,True,(parse failed),,
258,1,True,(parse failed),,
258,2,True,(parse failed),,
258,3,True,(parse failed),,
259,1,False,(parse failed),,json_parse_error: Extra data: line 2 column 1 (char 209)
259,2,True,(parse failed),,
259,3,True,(parse failed),,
260,1,True,(parse failed),,
260,2,True,(parse failed),,
260,3,True,(parse failed),,
261,1,True,(parse failed),,
261,2,True,(parse failed),,
261,3,True,(parse failed),,
262,1,False,(parse failed),,"Food: label must be 'Positive', 'Negative', or null; Price: label must be 'Positive', 'Negative', or null; Facility: label must be 'Positive', 'Negative', or null; Check-in: label must be 'Positive', 'Negative', or null; Check-out: label must be 'Positive', 'Negative', or null; Off: label must be 'Positive', 'Negative', or null; Booking-issue: label must be 'Positive', 'Negative', or null; Taxi-issue: label must be 'Positive', 'Negative', or null"
262,2,False,(parse failed),,"Food: label must be 'Positive', 'Negative', or null; Price: label must be 'Positive', 'Negative', or null; Facility: label must be 'Positive', 'Negative', or null; Check-in: label must be 'Positive', 'Negative', or null; Check-out: label must be 'Positive', 'Negative', or null; Off: label must be 'Positive', 'Negative', or null; Booking-issue: label must be 'Positive', 'Negative', or null; Taxi-issue: label must be 'Positive', 'Negative', or null"
262,3,False,(parse failed),,"Food: label must be 'Positive', 'Negative', or null; Price: label must be 'Positive', 'Negative', or null; Facility: label must be 'Positive', 'Negative', or null; Check-in: label must be 'Positive', 'Negative', or null; Check-out: label must be 'Positive', 'Negative', or null; Off: label must be 'Positive', 'Negative', or null; Booking-issue: label must be 'Positive', 'Negative', or null; Taxi-issue: label must be 'Positive', 'Negative', or null"
263,1,True,(parse failed),,
263,2,True,(parse failed),,
263,3,True,(parse failed),,
264,1,True,(parse failed),,
264,2,True,(parse failed),,
264,3,True,(parse failed),,
265,1,True,(parse failed),,
265,2,True,(parse failed),,
265,3,True,(parse failed),,
266,1,True,(parse failed),,
266,2,True,(parse failed),,
266,3,True,(parse failed),,
267,1,True,(parse failed),,
267,2,True,(parse failed),,
267,3,True,(parse failed),,
268,1,True,(parse failed),,
268,2,True,(parse failed),,
268,3,True,(parse failed),,
269,1,True,(parse failed),,
269,2,True,(parse failed),,
269,3,True,(parse failed),,
270,1,False,(parse failed),,"Location: label must be 'Positive', 'Negative', or null; Food: label must be 'Positive', 'Negative', or null; Price: label must be 'Positive', 'Negative', or null; Facility: label must be 'Positive', 'Negative', or null; Check-in: label must be 'Positive', 'Negative', or null; Check-out: label must be 'Positive', 'Negative', or null; Off: label must be 'Positive', 'Negative', or null; Booking-issue: label must be 'Positive', 'Negative', or null; Taxi-issue: label must be 'Positive', 'Negative', or null"
270,2,False,(parse failed),,"Location: label must be 'Positive', 'Negative', or null; Food: label must be 'Positive', 'Negative', or null; Price: label must be 'Positive', 'Negative', or null; Facility: label must be 'Positive', 'Negative', or null; Check-in: label must be 'Positive', 'Negative', or null; Check-out: label must be 'Positive', 'Negative', or null; Off: label must be 'Positive', 'Negative', or null; Booking-issue: label must be 'Positive', 'Negative', or null; Taxi-issue: label must be 'Positive', 'Negative', or null"
270,3,False,(parse failed),,"Location: label must be 'Positive', 'Negative', or null; Food: label must be 'Positive', 'Negative', or null; Price: label must be 'Positive', 'Negative', or null; Facility: label must be 'Positive', 'Negative', or null; Check-in: label must be 'Positive', 'Negative', or null; Check-out: label must be 'Positive', 'Negative', or null; Off: label must be 'Positive', 'Negative', or null; Booking-issue: label must be 'Positive', 'Negative', or null; Taxi-issue: label must be 'Positive', 'Negative', or null"
271,1,True,(parse failed),,
271,2,True,(parse failed),,
271,3,True,(parse failed),,
272,1,True,(parse failed),,
272,2,True,(parse failed),,
272,3,True,(parse failed),,
273,1,True,(parse failed),,
273,2,True,(parse failed),,
273,3,True,(parse failed),,
274,1,False,(parse failed),,json_parse_error: Extra data: line 3 column 1 (char 191)
274,2,False,(parse failed),,json_parse_error: Extra data: line 3 column 2 (char 194)
274,3,False,(parse failed),,json_parse_error: Extra data: line 3 column 2 (char 194)
275,1,True,(parse failed),,
275,2,True,(parse failed),,
275,3,True,(parse failed),,
276,1,False,(parse failed),,json_parse_error: Extra data: line 3 column 1 (char 224)
276,2,True,(parse failed),,
276,3,True,(parse failed),,
277,1,False,(parse failed),,json_parse_error: Extra data: line 3 column 1 (char 210)
277,2,False,(parse failed),,json_parse_error: Extra data: line 3 column 1 (char 210)
277,3,False,(parse failed),,json_parse_error: Extra data: line 3 column 1 (char 210)
278,1,True,(parse failed),,
278,2,True,(parse failed),,
278,3,True,(parse failed),,
279,1,True,(parse failed),,
279,2,True,(parse failed),,
279,3,True,(parse failed),,
280,1,True,(parse failed),,
280,2,True,(parse failed),,
280,3,True,(parse failed),,
281,1,True,(parse failed),,
281,2,True,(parse failed),,
281,3,True,(parse failed),,
282,1,True,(parse failed),,
282,2,True,(parse failed),,
282,3,True,(parse failed),,
283,1,True,(parse failed),,
283,2,True,(parse failed),,
283,3,True,(parse failed),,
284,1,True,(parse failed),,
284,2,False,(parse failed),,"Food: label must be 'Positive', 'Negative', or null; Price: label must be 'Positive', 'Negative', or null; Facility: label must be 'Positive', 'Negative', or null; Check-in: label must be 'Positive', 'Negative', or null; Check-out: label must be 'Positive', 'Negative', or null; Off: label must be 'Positive', 'Negative', or null; Booking-issue: label must be 'Positive', 'Negative', or null; Taxi-issue: label must be 'Positive', 'Negative', or null"
284,3,False,(parse failed),,"Food: label must be 'Positive', 'Negative', or null; Price: label must be 'Positive', 'Negative', or null; Facility: label must be 'Positive', 'Negative', or null; Check-in: label must be 'Positive', 'Negative', or null; Check-out: label must be 'Positive', 'Negative', or null; Off: label must be 'Positive', 'Negative', or null; Booking-issue: label must be 'Positive', 'Negative', or null; Taxi-issue: label must be 'Positive', 'Negative', or null"
285,1,True,(parse failed),,
285,2,True,(parse failed),,
285,3,True,(parse failed),,
286,1,True,(parse failed),,
286,2,True,(parse failed),,
286,3,True,(parse failed),,
287,1,False,(parse failed),,json_parse_error: Extra data: line 3 column 1 (char 210)
287,2,False,(parse failed),,json_parse_error: Extra data: line 3 column 1 (char 210)
287,3,False,(parse failed),,json_parse_error: Extra data: line 3 column 1 (char 210)
288,1,True,(parse failed),,
288,2,True,(parse failed),,
288,3,True,(parse failed),,
289,1,True,(parse failed),,
289,2,True,(parse failed),,
289,3,True,(parse failed),,
290,1,True,(parse failed),,
290,2,True,(parse failed),,
290,3,True,(parse failed),,
291,1,True,(parse failed),,
291,2,True,(parse failed),,
291,3,True,(parse failed),,
292,1,True,(parse failed),,
292,2,True,(parse failed),,
292,3,True,(parse failed),,
293,1,True,(parse failed),,
293,2,True,(parse failed),,
293,3,True,(parse failed),,
294,1,True,(parse failed),,
294,2,True,(parse failed),,
294,3,True,(parse failed),,
295,1,True,(parse failed),,
295,2,True,(parse failed),,
295,3,True,(parse failed),,
296,1,True,(parse failed),,
296,2,True,(parse failed),,
296,3,True,(parse failed),,
297,1,True,(parse failed),,
297,2,True,(parse failed),,
297,3,True,(parse failed),,
298,1,True,(parse failed),,
298,2,True,(parse failed),,
298,3,True,(parse failed),,
299,1,True,(parse failed),,
299,2,True,(parse failed),,
299,3,True,(parse failed),,
300,1,True,(parse failed),,
300,2,True,(parse failed),,
300,3,True,(parse failed),,
301,1,True,(parse failed),,
301,2,True,(parse failed),,
301,3,True,(parse failed),,
302,1,True,(parse failed),,
302,2,True,(parse failed),,
302,3,True,(parse failed),,
303,1,True,(parse failed),,
303,2,True,(parse failed),,
303,3,True,(parse failed),,
304,1,True,(parse failed),,
304,2,True,(parse failed),,
304,3,True,(parse failed),,
305,1,True,(parse failed),,
305,2,True,(parse failed),,
305,3,True,(parse failed),,
306,1,True,(parse failed),,
306,2,True,(parse failed),,
306,3,True,(parse failed),,
307,1,True,(parse failed),,
307,2,True,(parse failed),,
307,3,True,(parse failed),,
308,1,True,(parse failed),,
308,2,True,(parse failed),,
308,3,True,(parse failed),,
309,1,True,(parse failed),,
309,2,True,(parse failed),,
309,3,True,(parse failed),,
310,1,True,(parse failed),,
310,2,True,(parse failed),,
310,3,True,(parse failed),,
311,1,True,(parse failed),,
311,2,True,(parse failed),,
311,3,True,(parse failed),,
312,1,True,(parse failed),,
312,2,True,(parse failed),,
312,3,True,(parse failed),,
313,1,True,(parse failed),,
313,2,True,(parse failed),,
313,3,True,(parse failed),,
314,1,False,(parse failed),,json_parse_error: Extra data: line 3 column 1 (char 208)
314,2,False,(parse failed),,json_parse_error: Extra data: line 3 column 1 (char 196)
314,3,False,(parse failed),,json_parse_error: Extra data: line 3 column 1 (char 196)
315,1,True,(parse failed),,
315,2,True,(parse failed),,
315,3,True,(parse failed),,
316,1,True,(parse failed),,
316,2,True,(parse failed),,
316,3,True,(parse failed),,
317,1,True,(parse failed),,
317,2,True,(parse failed),,
317,3,True,(parse failed),,
318,1,True,(parse failed),,
318,2,True,(parse failed),,
318,3,True,(parse failed),,
319,1,True,(parse failed),,
319,2,True,(parse failed),,
319,3,True,(parse failed),,
320,1,True,(parse failed),,
320,2,True,(parse failed),,
320,3,True,(parse failed),,
321,1,True,(parse failed),,
321,2,True,(parse failed),,
321,3,True,(parse failed),,
322,1,False,(parse failed),,"Staff: label must be 'Positive', 'Negative', or null; Food: label must be 'Positive', 'Negative', or null; Price: label must be 'Positive', 'Negative', or null; Facility: label must be 'Positive', 'Negative', or null; Check-out: label must be 'Positive', 'Negative', or null; Off: label must be 'Positive', 'Negative', or null; Booking-issue: label must be 'Positive', 'Negative', or null; Taxi-issue: label must be 'Positive', 'Negative', or null"
322,2,False,(parse failed),,"Staff: label must be 'Positive', 'Negative', or null; Food: label must be 'Positive', 'Negative', or null; Price: label must be 'Positive', 'Negative', or null; Facility: label must be 'Positive', 'Negative', or null; Check-out: label must be 'Positive', 'Negative', or null; Off: label must be 'Positive', 'Negative', or null; Booking-issue: label must be 'Positive', 'Negative', or null; Taxi-issue: label must be 'Positive', 'Negative', or null"
322,3,False,(parse failed),,"Staff: label must be 'Positive', 'Negative', or null; Food: label must be 'Positive', 'Negative', or null; Price: label must be 'Positive', 'Negative', or null; Facility: label must be 'Positive', 'Negative', or null; Check-out: label must be 'Positive', 'Negative', or null; Off: label must be 'Positive', 'Negative', or null; Booking-issue: label must be 'Positive', 'Negative', or null; Taxi-issue: label must be 'Positive', 'Negative', or null"
323,1,False,(parse failed),,json_parse_error: Extra data: line 17 column 1 (char 278)
323,2,False,(parse failed),,json_parse_error: Extra data: line 17 column 1 (char 278)
323,3,False,(parse failed),,json_parse_error: Extra data: line 17 column 1 (char 278)
324,1,True,(parse failed),,
324,2,True,(parse failed),,
324,3,True,(parse failed),,
325,1,True,(parse failed),,
325,2,True,(parse failed),,
325,3,True,(parse failed),,
326,1,True,(parse failed),,
326,2,True,(parse failed),,
326,3,True,(parse failed),,
327,1,True,(parse failed),,
327,2,True,(parse failed),,
327,3,True,(parse failed),,
328,1,True,(parse failed),,
328,2,True,(parse failed),,
328,3,True,(parse failed),,
329,1,True,(parse failed),,
329,2,True,(parse failed),,
329,3,True,(parse failed),,
330,1,False,(parse failed),,json_parse_error: Extra data: line 3 column 1 (char 208)
330,2,True,(parse failed),,
330,3,True,(parse failed),,
331,1,True,(parse failed),,
331,2,True,(parse failed),,
331,3,True,(parse failed),,
332,1,True,(parse failed),,
332,2,True,(parse failed),,
332,3,True,(parse failed),,
333,1,True,(parse failed),,
333,2,True,(parse failed),,
333,3,True,(parse failed),,
334,1,True,(parse failed),,
334,2,True,(parse failed),,
334,3,True,(parse failed),,
335,1,True,(parse failed),,
335,2,True,(parse failed),,
335,3,True,(parse failed),,
336,1,True,(parse failed),,
336,2,True,(parse failed),,
336,3,True,(parse failed),,
337,1,False,(parse failed),,json_parse_error: Extra data: line 2 column 1 (char 209)
337,2,False,(parse failed),,json_parse_error: Extra data: line 2 column 1 (char 209)
337,3,False,(parse failed),,json_parse_error: Extra data: line 2 column 1 (char 209)
338,1,True,(parse failed),,
338,2,True,(parse failed),,
338,3,True,(parse failed),,
339,1,True,(parse failed),,
339,2,True,(parse failed),,
339,3,True,(parse failed),,
340,1,True,(parse failed),,
340,2,True,(parse failed),,
340,3,True,(parse failed),,
341,1,True,(parse failed),,
341,2,True,(parse failed),,
341,3,True,(parse failed),,
342,1,True,(parse failed),,
342,2,True,(parse failed),,
342,3,True,(parse failed),,
343,1,True,(parse failed),,
343,2,True,(parse failed),,
343,3,True,(parse failed),,
344,1,True,(parse failed),,
344,2,True,(parse failed),,
344,3,True,(parse failed),,
345,1,True,(parse failed),,
345,2,True,(parse failed),,
345,3,True,(parse failed),,
346,1,False,(parse failed),,json_parse_error: Extra data: line 3 column 1 (char 190)
346,2,False,(parse failed),,json_parse_error: Extra data: line 3 column 1 (char 190)
346,3,False,(parse failed),,json_parse_error: Extra data: line 3 column 1 (char 190)
347,1,True,(parse failed),,
347,2,True,(parse failed),,
347,3,True,(parse failed),,
348,1,False,(parse failed),,json_parse_error: Extra data: line 4 column 1 (char 223)
348,2,True,(parse failed),,
348,3,True,(parse failed),,
349,1,True,(parse failed),,
349,2,True,(parse failed),,
349,3,True,(parse failed),,
350,1,True,(parse failed),,
350,2,True,(parse failed),,
350,3,True,(parse failed),,
351,1,True,(parse failed),,
351,2,True,(parse failed),,
351,3,True,(parse failed),,
352,1,True,(parse failed),,
352,2,True,(parse failed),,
352,3,True,(parse failed),,
353,1,True,(parse failed),,
353,2,True,(parse failed),,
353,3,True,(parse failed),,
354,1,True,(parse failed),,
354,2,True,(parse failed),,
354,3,True,(parse failed),,
355,1,True,(parse failed),,
355,2,True,(parse failed),,
355,3,True,(parse failed),,
356,1,True,(parse failed),,
356,2,True,(parse failed),,
356,3,True,(parse failed),,
357,1,True,(parse failed),,
357,2,True,(parse failed),,
357,3,True,(parse failed),,
358,1,True,(parse failed),,
358,2,True,(parse failed),,
358,3,True,(parse failed),,
359,1,True,(parse failed),,
359,2,True,(parse failed),,
359,3,True,(parse failed),,
360,1,True,(parse failed),,
360,2,True,(parse failed),,
360,3,True,(parse failed),,
361,1,True,(parse failed),,
361,2,True,(parse failed),,
361,3,True,(parse failed),,
362,1,True,(parse failed),,
362,2,True,(parse failed),,
362,3,True,(parse failed),,
363,1,True,(parse failed),,
363,2,True,(parse failed),,
363,3,True,(parse failed),,
364,1,True,(parse failed),,
364,2,True,(parse failed),,
364,3,True,(parse failed),,
365,1,True,(parse failed),,
365,2,True,(parse failed),,
365,3,True,(parse failed),,
366,1,True,(parse failed),,
366,2,True,(parse failed),,
366,3,True,(parse failed),,
367,1,True,(parse failed),,
367,2,True,(parse failed),,
367,3,True,(parse failed),,
368,1,True,(parse failed),,
368,2,True,(parse failed),,
368,3,True,(parse failed),,
369,1,True,(parse failed),,
369,2,True,(parse failed),,
369,3,True,(parse failed),,
370,1,True,(parse failed),,
370,2,True,(parse failed),,
370,3,True,(parse failed),,
371,1,False,(parse failed),,Additional properties are not allowed ('WiFi' was unexpected)
371,2,False,(parse failed),,Additional properties are not allowed ('WiFi' was unexpected)
371,3,False,(parse failed),,Additional properties are not allowed ('WiFi' was unexpected)
372,1,False,(parse failed),,json_parse_error: Extra data: line 3 column 1 (char 211)
372,2,False,(parse failed),,json_parse_error: Extra data: line 3 column 1 (char 211)
372,3,False,(parse failed),,json_parse_error: Extra data: line 3 column 1 (char 211)
373,1,True,(parse failed),,
373,2,True,(parse failed),,
373,3,True,(parse failed),,
374,1,True,(parse failed),,
374,2,True,(parse failed),,
374,3,True,(parse failed),,
375,1,True,(parse failed),,
375,2,True,(parse failed),,
375,3,True,(parse failed),,
376,1,True,(parse failed),,
376,2,True,(parse failed),,
376,3,True,(parse failed),,
377,1,True,(parse failed),,
377,2,True,(parse failed),,
377,3,True,(parse failed),,
378,1,True,(parse failed),,
378,2,True,(parse failed),,
378,3,True,(parse failed),,
379,1,True,(parse failed),,
379,2,True,(parse failed),,
379,3,True,(parse failed),,
380,1,True,(parse failed),,
380,2,True,(parse failed),,
380,3,True,(parse failed),,
381,1,True,(parse failed),,
381,2,True,(parse failed),,
381,3,True,(parse failed),,
382,1,True,(parse failed),,
382,2,True,(parse failed),,
382,3,True,(parse failed),,
383,1,False,(parse failed),,json_parse_error: Extra data: line 3 column 1 (char 214)
383,2,False,(parse failed),,json_parse_error: Extra data: line 3 column 1 (char 214)
383,3,False,(parse failed),,json_parse_error: Extra data: line 3 column 1 (char 214)
384,1,True,(parse failed),,
384,2,True,(parse failed),,
384,3,True,(parse failed),,
385,1,True,(parse failed),,
385,2,True,(parse failed),,
385,3,True,(parse failed),,
386,1,True,(parse failed),,
386,2,True,(parse failed),,
386,3,True,(parse failed),,
387,1,True,(parse failed),,
387,2,True,(parse failed),,
387,3,True,(parse failed),,
388,1,True,(parse failed),,
388,2,True,(parse failed),,
388,3,True,(parse failed),,
389,1,True,(parse failed),,
389,2,True,(parse failed),,
389,3,True,(parse failed),,
390,1,True,(parse failed),,
390,2,True,(parse failed),,
390,3,True,(parse failed),,
391,1,True,(parse failed),,
391,2,True,(parse failed),,
391,3,True,(parse failed),,
392,1,True,(parse failed),,
392,2,True,(parse failed),,
392,3,True,(parse failed),,
393,1,True,(parse failed),,
393,2,True,(parse failed),,
393,3,True,(parse failed),,
394,1,True,(parse failed),,
394,2,True,(parse failed),,
394,3,True,(parse failed),,
395,1,True,(parse failed),,
395,2,True,(parse failed),,
395,3,True,(parse failed),,
396,1,True,(parse failed),,
396,2,False,(parse failed),,"Location: label must be 'Positive', 'Negative', or null; Food: label must be 'Positive', 'Negative', or null; Check-in: label must be 'Positive', 'Negative', or null; Check-out: label must be 'Positive', 'Negative', or null; Off: label must be 'Positive', 'Negative', or null; Booking-issue: label must be 'Positive', 'Negative', or null; Taxi-issue: label must be 'Positive', 'Negative', or null"
396,3,False,(parse failed),,"Location: label must be 'Positive', 'Negative', or null; Food: label must be 'Positive', 'Negative', or null; Check-in: label must be 'Positive', 'Negative', or null; Check-out: label must be 'Positive', 'Negative', or null; Off: label must be 'Positive', 'Negative', or null; Booking-issue: label must be 'Positive', 'Negative', or null; Taxi-issue: label must be 'Positive', 'Negative', or null"
397,1,True,(parse failed),,
397,2,True,(parse failed),,
397,3,True,(parse failed),,
398,1,True,(parse failed),,
398,2,True,(parse failed),,
398,3,True,(parse failed),,
399,1,False,(parse failed),,'Check-out' is a required property
399,2,False,(parse failed),,'Check-out' is a required property
399,3,False,(parse failed),,'Check-out' is a required property
400,1,True,(parse failed),,
400,2,True,(parse failed),,
400,3,True,(parse failed),,
401,1,True,(parse failed),,
401,2,True,(parse failed),,
401,3,True,(parse failed),,
402,1,True,(parse failed),,
402,2,True,(parse failed),,
402,3,True,(parse failed),,
403,1,True,(parse failed),,
403,2,True,(parse failed),,
403,3,True,(parse failed),,
404,1,True,(parse failed),,
404,2,True,(parse failed),,
404,3,True,(parse failed),,
405,1,True,(parse failed),,
405,2,True,(parse failed),,
405,3,True,(parse failed),,
406,1,True,(parse failed),,
406,2,True,(parse failed),,
406,3,True,(parse failed),,
407,1,True,(parse failed),,
407,2,True,(parse failed),,
407,3,True,(parse failed),,
408,1,True,(parse failed),,
408,2,True,(parse failed),,
408,3,True,(parse failed),,
409,1,True,(parse failed),,
409,2,True,(parse failed),,
409,3,True,(parse failed),,
410,1,False,(parse failed),,"Food: label must be 'Positive', 'Negative', or null; Price: label must be 'Positive', 'Negative', or null; Check-in: label must be 'Positive', 'Negative', or null; Check-out: label must be 'Positive', 'Negative', or null; Off: label must be 'Positive', 'Negative', or null; Booking-issue: label must be 'Positive', 'Negative', or null; Taxi-issue: label must be 'Positive', 'Negative', or null"
410,2,False,(parse failed),,"Food: label must be 'Positive', 'Negative', or null; Price: label must be 'Positive', 'Negative', or null; Check-in: label must be 'Positive', 'Negative', or null; Check-out: label must be 'Positive', 'Negative', or null; Off: label must be 'Positive', 'Negative', or null; Booking-issue: label must be 'Positive', 'Negative', or null; Taxi-issue: label must be 'Positive', 'Negative', or null"
410,3,False,(parse failed),,"Food: label must be 'Positive', 'Negative', or null; Price: label must be 'Positive', 'Negative', or null; Check-in: label must be 'Positive', 'Negative', or null; Check-out: label must be 'Positive', 'Negative', or null; Off: label must be 'Positive', 'Negative', or null; Booking-issue: label must be 'Positive', 'Negative', or null; Taxi-issue: label must be 'Positive', 'Negative', or null"
411,1,True,(parse failed),,
411,2,True,(parse failed),,
411,3,True,(parse failed),,
412,1,True,(parse failed),,
412,2,True,(parse failed),,
412,3,True,(parse failed),,
413,1,True,(parse failed),,
413,2,True,(parse failed),,
413,3,True,(parse failed),,
414,1,True,(parse failed),,
414,2,True,(parse failed),,
414,3,True,(parse failed),,
415,1,True,(parse failed),,
415,2,True,(parse failed),,
415,3,True,(parse failed),,
416,1,True,(parse failed),,
416,2,True,(parse failed),,
416,3,True,(parse failed),,
417,1,True,(parse failed),,
417,2,True,(parse failed),,
417,3,True,(parse failed),,
418,1,True,(parse failed),,
418,2,True,(parse failed),,
418,3,True,(parse failed),,
419,1,True,(parse failed),,
419,2,True,(parse failed),,
419,3,True,(parse failed),,
420,1,True,(parse failed),,
420,2,True,(parse failed),,
420,3,True,(parse failed),,
421,1,True,(parse failed),,
421,2,True,(parse failed),,
421,3,True,(parse failed),,
422,1,True,(parse failed),,
422,2,True,(parse failed),,
422,3,True,(parse failed),,
423,1,True,(parse failed),,
423,2,True,(parse failed),,
423,3,True,(parse failed),,
424,1,True,(parse failed),,
424,2,True,(parse failed),,
424,3,True,(parse failed),,
425,1,True,(parse failed),,
425,2,True,(parse failed),,
425,3,True,(parse failed),,
426,1,False,(parse failed),,json_parse_error: Extra data: line 3 column 1 (char 204)
426,2,False,(parse failed),,json_parse_error: Extra data: line 3 column 1 (char 190)
426,3,False,(parse failed),,json_parse_error: Extra data: line 3 column 1 (char 190)
427,1,True,(parse failed),,
427,2,True,(parse failed),,
427,3,True,(parse failed),,
428,1,False,(parse failed),,json_parse_error: Extra data: line 2 column 1 (char 208)
428,2,False,(parse failed),,json_parse_error: Extra data: line 2 column 1 (char 208)
428,3,False,(parse failed),,json_parse_error: Extra data: line 2 column 1 (char 208)
429,1,False,(parse failed),,json_parse_error: Extra data: line 3 column 2 (char 223)
429,2,False,(parse failed),,json_parse_error: Extra data: line 3 column 2 (char 223)
429,3,False,(parse failed),,json_parse_error: Extra data: line 3 column 2 (char 223)
430,1,True,(parse failed),,
430,2,True,(parse failed),,
430,3,True,(parse failed),,
431,1,True,(parse failed),,
431,2,True,(parse failed),,
431,3,True,(parse failed),,
432,1,True,(parse failed),,
432,2,True,(parse failed),,
432,3,True,(parse failed),,
433,1,False,(parse failed),,json_parse_error: Expecting value: line 1 column 1 (char 0)
433,2,False,(parse failed),,json_parse_error: Expecting value: line 1 column 1 (char 0)
433,3,False,(parse failed),,json_parse_error: Expecting value: line 1 column 1 (char 0)
434,1,False,(parse failed),,json_parse_error: Extra data: line 2 column 2 (char 244)
434,2,False,(parse failed),,json_parse_error: Extra data: line 4 column 1 (char 246)
434,3,False,(parse failed),,json_parse_error: Extra data: line 4 column 1 (char 246)
435,1,True,(parse failed),,
435,2,True,(parse failed),,
435,3,True,(parse failed),,
436,1,True,(parse failed),,
436,2,True,(parse failed),,
436,3,True,(parse failed),,
437,1,True,(parse failed),,
437,2,True,(parse failed),,
437,3,True,(parse failed),,
438,1,True,(parse failed),,
438,2,True,(parse failed),,
438,3,True,(parse failed),,
439,1,True,(parse failed),,
439,2,True,(parse failed),,
439,3,True,(parse failed),,
440,1,False,(parse failed),,json_parse_error: Extra data: line 3 column 1 (char 196)
440,2,False,(parse failed),,json_parse_error: Extra data: line 3 column 1 (char 196)
440,3,False,(parse failed),,json_parse_error: Extra data: line 3 column 1 (char 196)
441,1,True,(parse failed),,
441,2,True,(parse failed),,
441,3,True,(parse failed),,
442,1,True,(parse failed),,
442,2,True,(parse failed),,
442,3,True,(parse failed),,
443,1,False,(parse failed),,'Taxi-issue' is a required property
443,2,False,(parse failed),,'Taxi-issue' is a required property
443,3,False,(parse failed),,'Taxi-issue' is a required property
444,1,True,(parse failed),,
444,2,True,(parse failed),,
444,3,True,(parse failed),,
445,1,True,(parse failed),,
445,2,True,(parse failed),,
445,3,True,(parse failed),,
446,1,True,(parse failed),,
446,2,True,(parse failed),,
446,3,True,(parse failed),,
447,1,False,(parse failed),,json_parse_error: Extra data: line 4 column 1 (char 205)
447,2,False,(parse failed),,json_parse_error: Extra data: line 4 column 1 (char 205)
447,3,False,(parse failed),,json_parse_error: Extra data: line 4 column 1 (char 205)
448,1,True,(parse failed),,
448,2,True,(parse failed),,
448,3,True,(parse failed),,
449,1,False,(parse failed),,json_parse_error: Extra data: line 3 column 1 (char 190)
449,2,False,(parse failed),,json_parse_error: Extra data: line 3 column 1 (char 190)
449,3,False,(parse failed),,json_parse_error: Extra data: line 3 column 1 (char 190)
450,1,True,(parse failed),,
450,2,True,(parse failed),,
450,3,True,(parse failed),,
451,1,True,(parse failed),,
451,2,True,(parse failed),,
451,3,True,(parse failed),,
452,1,True,(parse failed),,
452,2,True,(parse failed),,
452,3,True,(parse failed),,
453,1,False,(parse failed),,'Check-out' is a required property
453,2,False,(parse failed),,'Check-out' is a required property
453,3,False,(parse failed),,'Check-out' is a required property
454,1,False,(parse failed),,json_parse_error: Extra data: line 2 column 2 (char 195)
454,2,False,(parse failed),,json_parse_error: Extra data: line 2 column 2 (char 195)
454,3,False,(parse failed),,json_parse_error: Extra data: line 2 column 2 (char 195)
455,1,True,(parse failed),,
455,2,True,(parse failed),,
455,3,True,(parse failed),,
456,1,False,(parse failed),,'Taxi-issue' is a required property; Additional properties are not allowed ('Taxi' was unexpected)
456,2,False,(parse failed),,'Taxi-issue' is a required property; Additional properties are not allowed ('Taxi' was unexpected)
456,3,False,(parse failed),,'Taxi-issue' is a required property; Additional properties are not allowed ('Taxi' was unexpected)
457,1,True,(parse failed),,
457,2,True,(parse failed),,
457,3,True,(parse failed),,
458,1,True,(parse failed),,
458,2,True,(parse failed),,
458,3,True,(parse failed),,
459,1,False,(parse failed),,json_parse_error: Extra data: line 3 column 1 (char 204)
459,2,False,(parse failed),,json_parse_error: Extra data: line 2 column 2 (char 201)
459,3,False,(parse failed),,json_parse_error: Extra data: line 2 column 2 (char 201)
460,1,True,(parse failed),,
460,2,True,(parse failed),,
460,3,True,(parse failed),,
461,1,True,(parse failed),,
461,2,True,(parse failed),,
461,3,True,(parse failed),,
462,1,True,(parse failed),,
462,2,True,(parse failed),,
462,3,True,(parse failed),,
463,1,True,(parse failed),,
463,2,True,(parse failed),,
463,3,True,(parse failed),,
464,1,True,(parse failed),,
464,2,True,(parse failed),,
464,3,True,(parse failed),,
465,1,True,(parse failed),,
465,2,True,(parse failed),,
465,3,True,(parse failed),,
466,1,True,(parse failed),,
466,2,True,(parse failed),,
466,3,True,(parse failed),,
467,1,True,(parse failed),,
467,2,True,(parse failed),,
467,3,True,(parse failed),,
468,1,True,(parse failed),,
468,2,True,(parse failed),,
468,3,True,(parse failed),,
469,1,True,(parse failed),,
469,2,True,(parse failed),,
469,3,True,(parse failed),,
470,1,True,(parse failed),,
470,2,True,(parse failed),,
470,3,True,(parse failed),,
471,1,True,(parse failed),,
471,2,True,(parse failed),,
471,3,True,(parse failed),,
472,1,False,(parse failed),,json_parse_error: Invalid control character at: line 1 column 191 (char 190)
472,2,False,(parse failed),,json_parse_error: Invalid control character at: line 1 column 191 (char 190)
472,3,False,(parse failed),,json_parse_error: Invalid control character at: line 1 column 191 (char 190)
473,1,True,(parse failed),,
473,2,True,(parse failed),,
473,3,True,(parse failed),,
474,1,True,(parse failed),,
474,2,True,(parse failed),,
474,3,True,(parse failed),,
475,1,True,(parse failed),,
475,2,True,(parse failed),,
475,3,True,(parse failed),,
476,1,True,(parse failed),,
476,2,True,(parse failed),,
476,3,True,(parse failed),,
477,1,True,(parse failed),,
477,2,True,(parse failed),,
477,3,True,(parse failed),,
478,1,True,(parse failed),,
478,2,True,(parse failed),,
478,3,True,(parse failed),,
479,1,True,(parse failed),,
479,2,True,(parse failed),,
479,3,True,(parse failed),,
480,1,True,(parse failed),,
480,2,True,(parse failed),,
480,3,True,(parse failed),,
481,1,True,(parse failed),,
481,2,True,(parse failed),,
481,3,True,(parse failed),,
482,1,True,(parse failed),,
482,2,True,(parse failed),,
482,3,True,(parse failed),,
483,1,True,(parse failed),,
483,2,True,(parse failed),,
483,3,True,(parse failed),,
484,1,True,(parse failed),,
484,2,True,(parse failed),,
484,3,True,(parse failed),,
485,1,True,(parse failed),,
485,2,True,(parse failed),,
485,3,True,(parse failed),,
486,1,True,(parse failed),,
486,2,True,(parse failed),,
486,3,True,(parse failed),,
487,1,True,(parse failed),,
487,2,True,(parse failed),,
487,3,True,(parse failed),,
488,1,True,(parse failed),,
488,2,True,(parse failed),,
488,3,True,(parse failed),,
489,1,True,(parse failed),,
489,2,True,(parse failed),,
489,3,True,(parse failed),,
490,1,True,(parse failed),,
490,2,True,(parse failed),,
490,3,True,(parse failed),,
491,1,True,(parse failed),,
491,2,True,(parse failed),,
491,3,True,(parse failed),,
492,1,False,(parse failed),,json_parse_error: Extra data: line 3 column 1 (char 190)
492,2,False,(parse failed),,json_parse_error: Extra data: line 3 column 1 (char 190)
492,3,False,(parse failed),,json_parse_error: Extra data: line 3 column 1 (char 190)
493,1,True,(parse failed),,
493,2,True,(parse failed),,
493,3,True,(parse failed),,
494,1,True,(parse failed),,
494,2,True,(parse failed),,
494,3,True,(parse failed),,
495,1,True,(parse failed),,
495,2,True,(parse failed),,
495,3,True,(parse failed),,
496,1,True,(parse failed),,
496,2,True,(parse failed),,
496,3,True,(parse failed),,
497,1,True,(parse failed),,
497,2,True,(parse failed),,
497,3,True,(parse failed),,
498,1,False,(parse failed),,json_parse_error: Extra data: line 3 column 1 (char 204)
498,2,False,(parse failed),,json_parse_error: Extra data: line 3 column 1 (char 204)
498,3,False,(parse failed),,json_parse_error: Extra data: line 3 column 1 (char 204)
499,1,True,(parse failed),,
499,2,True,(parse failed),,
499,3,True,(parse failed),,
500,1,False,(parse failed),,json_parse_error: Extra data: line 3 column 1 (char 190)
500,2,False,(parse failed),,json_parse_error: Extra data: line 3 column 1 (char 190)
500,3,False,(parse failed),,json_parse_error: Extra data: line 3 column 1 (char 190)
501,1,True,(parse failed),,
501,2,True,(parse failed),,
501,3,True,(parse failed),,
502,1,True,(parse failed),,
502,2,True,(parse failed),,
502,3,True,(parse failed),,
503,1,True,(parse failed),,
503,2,True,(parse failed),,
503,3,True,(parse failed),,
504,1,True,(parse failed),,
504,2,True,(parse failed),,
504,3,True,(parse failed),,
505,1,True,(parse failed),,
505,2,True,(parse failed),,
505,3,True,(parse failed),,
506,1,True,(parse failed),,
506,2,True,(parse failed),,
506,3,True,(parse failed),,
507,1,True,(parse failed),,
507,2,True,(parse failed),,
507,3,True,(parse failed),,
508,1,True,(parse failed),,
508,2,True,(parse failed),,
508,3,True,(parse failed),,
509,1,True,(parse failed),,
509,2,True,(parse failed),,
509,3,True,(parse failed),,
510,1,True,(parse failed),,
510,2,True,(parse failed),,
510,3,True,(parse failed),,
511,1,True,(parse failed),,
511,2,True,(parse failed),,
511,3,True,(parse failed),,
512,1,True,(parse failed),,
512,2,True,(parse failed),,
512,3,True,(parse failed),,
513,1,True,(parse failed),,
513,2,True,(parse failed),,
513,3,True,(parse failed),,
514,1,True,(parse failed),,
514,2,True,(parse failed),,
514,3,True,(parse failed),,
515,1,True,(parse failed),,
515,2,True,(parse failed),,
515,3,True,(parse failed),,
516,1,True,(parse failed),,
516,2,True,(parse failed),,
516,3,True,(parse failed),,
517,1,True,(parse failed),,
517,2,True,(parse failed),,
517,3,True,(parse failed),,
518,1,True,(parse failed),,
518,2,True,(parse failed),,
518,3,True,(parse failed),,
519,1,True,(parse failed),,
519,2,True,(parse failed),,
519,3,True,(parse failed),,
521,1,True,(parse failed),,
521,2,True,(parse failed),,
521,3,True,(parse failed),,
522,1,True,(parse failed),,
522,2,True,(parse failed),,
522,3,True,(parse failed),,
523,1,True,(parse failed),,
523,2,True,(parse failed),,
523,3,True,(parse failed),,
524,1,True,(parse failed),,
524,2,True,(parse failed),,
524,3,True,(parse failed),,
525,1,True,(parse failed),,
525,2,True,(parse failed),,
525,3,True,(parse failed),,
526,1,True,(parse failed),,
526,2,True,(parse failed),,
526,3,True,(parse failed),,
527,1,True,(parse failed),,
527,2,True,(parse failed),,
527,3,True,(parse failed),,
528,1,True,(parse failed),,
528,2,True,(parse failed),,
528,3,True,(parse failed),,
529,1,True,(parse failed),,
529,2,True,(parse failed),,
529,3,True,(parse failed),,
530,1,True,(parse failed),,
530,2,True,(parse failed),,
530,3,True,(parse failed),,
531,1,True,(parse failed),,
531,2,True,(parse failed),,
531,3,True,(parse failed),,
532,1,True,(parse failed),,
532,2,True,(parse failed),,
532,3,True,(parse failed),,
533,1,True,(parse failed),,
533,2,True,(parse failed),,
533,3,True,(parse failed),,
534,1,True,(parse failed),,
534,2,True,(parse failed),,
534,3,True,(parse failed),,
535,1,True,(parse failed),,
535,2,True,(parse failed),,
535,3,True,(parse failed),,
536,1,True,(parse failed),,
536,2,True,(parse failed),,
536,3,True,(parse failed),,
537,1,False,(parse failed),,json_parse_error: Extra data: line 2 column 1 (char 209)
537,2,False,(parse failed),,json_parse_error: Extra data: line 2 column 1 (char 209)
537,3,False,(parse failed),,json_parse_error: Extra data: line 2 column 1 (char 209)
538,1,True,(parse failed),,
538,2,True,(parse failed),,
538,3,True,(parse failed),,
539,1,True,(parse failed),,
539,2,True,(parse failed),,
539,3,True,(parse failed),,
540,1,True,(parse failed),,
540,2,True,(parse failed),,
540,3,True,(parse failed),,
541,1,True,(parse failed),,
541,2,True,(parse failed),,
541,3,True,(parse failed),,
542,1,False,(parse failed),,"Staff: label must be 'Positive', 'Negative', or null; Food: label must be 'Positive', 'Negative', or null; Price: label must be 'Positive', 'Negative', or null; Facility: label must be 'Positive', 'Negative', or null; Off: label must be 'Positive', 'Negative', or null; Booking-issue: label must be 'Positive', 'Negative', or null; Taxi-issue: label must be 'Positive', 'Negative', or null"
542,2,False,(parse failed),,"Staff: label must be 'Positive', 'Negative', or null; Food: label must be 'Positive', 'Negative', or null; Price: label must be 'Positive', 'Negative', or null; Facility: label must be 'Positive', 'Negative', or null; Off: label must be 'Positive', 'Negative', or null; Booking-issue: label must be 'Positive', 'Negative', or null; Taxi-issue: label must be 'Positive', 'Negative', or null"
542,3,False,(parse failed),,"Staff: label must be 'Positive', 'Negative', or null; Food: label must be 'Positive', 'Negative', or null; Price: label must be 'Positive', 'Negative', or null; Facility: label must be 'Positive', 'Negative', or null; Off: label must be 'Positive', 'Negative', or null; Booking-issue: label must be 'Positive', 'Negative', or null; Taxi-issue: label must be 'Positive', 'Negative', or null"
543,1,False,(parse failed),,json_parse_error: Extra data: line 2 column 2 (char 205)
543,2,False,(parse failed),,json_parse_error: Extra data: line 2 column 2 (char 205)
543,3,False,(parse failed),,json_parse_error: Extra data: line 2 column 2 (char 205)
544,1,True,(parse failed),,
544,2,True,(parse failed),,
544,3,True,(parse failed),,
545,1,False,(parse failed),,json_parse_error: Extra data: line 4 column 1 (char 215)
545,2,True,(parse failed),,
545,3,True,(parse failed),,
546,1,False,(parse failed),,'Check-out' is a required property
546,2,False,(parse failed),,'Check-out' is a required property
546,3,False,(parse failed),,'Check-out' is a required property
547,1,True,(parse failed),,
547,2,True,(parse failed),,
547,3,True,(parse failed),,
548,1,True,(parse failed),,
548,2,True,(parse failed),,
548,3,True,(parse failed),,
549,1,True,(parse failed),,
549,2,True,(parse failed),,
549,3,True,(parse failed),,
550,1,True,(parse failed),,
550,2,True,(parse failed),,
550,3,True,(parse failed),,
551,1,True,(parse failed),,
551,2,True,(parse failed),,
551,3,True,(parse failed),,
552,1,True,(parse failed),,
552,2,True,(parse failed),,
552,3,True,(parse failed),,
553,1,False,(parse failed),,Additional properties are not allowed ('Bed' was unexpected)
553,2,False,(parse failed),,Additional properties are not allowed ('Bed' was unexpected)
553,3,False,(parse failed),,Additional properties are not allowed ('Bed' was unexpected)
554,1,True,(parse failed),,
554,2,True,(parse failed),,
554,3,True,(parse failed),,
555,1,True,(parse failed),,
555,2,True,(parse failed),,
555,3,True,(parse failed),,
556,1,True,(parse failed),,
556,2,True,(parse failed),,
556,3,True,(parse failed),,
557,1,True,(parse failed),,
557,2,True,(parse failed),,
557,3,True,(parse failed),,
558,1,True,(parse failed),,
558,2,True,(parse failed),,
558,3,True,(parse failed),,
559,1,True,(parse failed),,
559,2,True,(parse failed),,
559,3,True,(parse failed),,
560,1,True,(parse failed),,
560,2,True,(parse failed),,
560,3,True,(parse failed),,
561,1,True,(parse failed),,
561,2,True,(parse failed),,
561,3,True,(parse failed),,
562,1,True,(parse failed),,
562,2,True,(parse failed),,
562,3,True,(parse failed),,
564,1,False,(parse failed),,'Check-out' is a required property
564,2,True,(parse failed),,
564,3,True,(parse failed),,
565,1,True,(parse failed),,
565,2,True,(parse failed),,
565,3,True,(parse failed),,
566,1,True,(parse failed),,
566,2,True,(parse failed),,
566,3,True,(parse failed),,
567,1,True,(parse failed),,
567,2,True,(parse failed),,
567,3,True,(parse failed),,
568,1,True,(parse failed),,
568,2,True,(parse failed),,
568,3,True,(parse failed),,
569,1,True,(parse failed),,
569,2,True,(parse failed),,
569,3,True,(parse failed),,
570,1,True,(parse failed),,
570,2,True,(parse failed),,
570,3,True,(parse failed),,
571,1,True,(parse failed),,
571,2,True,(parse failed),,
571,3,True,(parse failed),,
572,1,False,(parse failed),,json_parse_error: Extra data: line 3 column 1 (char 212)
572,2,False,(parse failed),,json_parse_error: Extra data: line 2 column 1 (char 213)
572,3,False,(parse failed),,json_parse_error: Extra data: line 2 column 1 (char 213)
573,1,True,(parse failed),,
573,2,True,(parse failed),,
573,3,True,(parse failed),,
574,1,True,(parse failed),,
574,2,True,(parse failed),,
574,3,True,(parse failed),,
575,1,True,(parse failed),,
575,2,True,(parse failed),,
575,3,True,(parse failed),,
576,1,False,(parse failed),,json_parse_error: Extra data: line 2 column 1 (char 276)
576,2,False,(parse failed),,json_parse_error: Extra data: line 3 column 2 (char 221)
576,3,False,(parse failed),,json_parse_error: Extra data: line 3 column 2 (char 221)
577,1,True,(parse failed),,
577,2,True,(parse failed),,
577,3,True,(parse failed),,
578,1,True,(parse failed),,
578,2,True,(parse failed),,
578,3,True,(parse failed),,
579,1,True,(parse failed),,
579,2,True,(parse failed),,
579,3,True,(parse failed),,
580,1,True,(parse failed),,
580,2,True,(parse failed),,
580,3,True,(parse failed),,
581,1,False,(parse failed),,Additional properties are not allowed ('Parking' was unexpected)
581,2,False,(parse failed),,Additional properties are not allowed ('Parking' was unexpected)
581,3,False,(parse failed),,Additional properties are not allowed ('Parking' was unexpected)
582,1,True,(parse failed),,
582,2,True,(parse failed),,
582,3,True,(parse failed),,
583,1,True,(parse failed),,
583,2,True,(parse failed),,
583,3,True,(parse failed),,
584,1,True,(parse failed),,
584,2,True,(parse failed),,
584,3,True,(parse failed),,
585,1,True,(parse failed),,
585,2,True,(parse failed),,
585,3,True,(parse failed),,
586,1,True,(parse failed),,
586,2,True,(parse failed),,
586,3,True,(parse failed),,
587,1,True,(parse failed),,
587,2,True,(parse failed),,
587,3,True,(parse failed),,
588,1,True,(parse failed),,
588,2,True,(parse failed),,
588,3,True,(parse failed),,
589,1,False,(parse failed),,json_parse_error: Expecting value: line 1 column 1 (char 0)
589,2,False,(parse failed),,json_parse_error: Extra data: line 3 column 1 (char 222)
589,3,False,(parse failed),,json_parse_error: Extra data: line 3 column 1 (char 222)
590,1,True,(parse failed),,
590,2,True,(parse failed),,
590,3,True,(parse failed),,
591,1,True,(parse failed),,
591,2,True,(parse failed),,
591,3,True,(parse failed),,
592,1,True,(parse failed),,
592,2,True,(parse failed),,
592,3,True,(parse failed),,
593,1,True,(parse failed),,
593,2,True,(parse failed),,
593,3,True,(parse failed),,
594,1,True,(parse failed),,
594,2,True,(parse failed),,
594,3,True,(parse failed),,
595,1,True,(parse failed),,
595,2,True,(parse failed),,
595,3,True,(parse failed),,
596,1,True,(parse failed),,
596,2,True,(parse failed),,
596,3,True,(parse failed),,
597,1,True,(parse failed),,
597,2,True,(parse failed),,
597,3,True,(parse failed),,
598,1,True,(parse failed),,
598,2,True,(parse failed),,
598,3,True,(parse failed),,
599,1,True,(parse failed),,
599,2,True,(parse failed),,
599,3,True,(parse failed),,
600,1,True,(parse failed),,
600,2,True,(parse failed),,
600,3,True,(parse failed),,
601,1,True,(parse failed),,
601,2,True,(parse failed),,
601,3,True,(parse failed),,
602,1,True,(parse failed),,
602,2,True,(parse failed),,
602,3,True,(parse failed),,
603,1,False,(parse failed),,json_parse_error: Extra data: line 3 column 1 (char 264)
603,2,False,(parse failed),,json_parse_error: Extra data: line 3 column 1 (char 264)
603,3,False,(parse failed),,json_parse_error: Extra data: line 3 column 1 (char 264)
604,1,True,(parse failed),,
604,2,True,(parse failed),,
604,3,True,(parse failed),,
605,1,True,(parse failed),,
605,2,True,(parse failed),,
605,3,True,(parse failed),,
606,1,False,(parse failed),,json_parse_error: Extra data: line 3 column 2 (char 192)
606,2,False,(parse failed),,json_parse_error: Extra data: line 3 column 2 (char 192)
606,3,False,(parse failed),,json_parse_error: Extra data: line 3 column 2 (char 192)
607,1,True,(parse failed),,
607,2,True,(parse failed),,
607,3,True,(parse failed),,
608,1,True,(parse failed),,
608,2,True,(parse failed),,
608,3,True,(parse failed),,
609,1,True,(parse failed),,
609,2,True,(parse failed),,
609,3,True,(parse failed),,
610,1,True,(parse failed),,
610,2,True,(parse failed),,
610,3,True,(parse failed),,
611,1,True,(parse failed),,
611,2,True,(parse failed),,
611,3,True,(parse failed),,
612,1,True,(parse failed),,
612,2,True,(parse failed),,
612,3,True,(parse failed),,
613,1,False,(parse failed),,json_parse_error: Extra data: line 3 column 1 (char 196)
613,2,False,(parse failed),,json_parse_error: Extra data: line 3 column 1 (char 196)
613,3,False,(parse failed),,json_parse_error: Extra data: line 3 column 1 (char 196)
614,1,True,(parse failed),,
614,2,True,(parse failed),,
614,3,True,(parse failed),,
615,1,True,(parse failed),,
615,2,True,(parse failed),,
615,3,True,(parse failed),,
616,1,True,(parse failed),,
616,2,True,(parse failed),,
616,3,True,(parse failed),,
617,1,False,(parse failed),,json_parse_error: Extra data: line 3 column 1 (char 215)
617,2,False,(parse failed),,json_parse_error: Extra data: line 3 column 1 (char 215)
617,3,False,(parse failed),,json_parse_error: Extra data: line 3 column 1 (char 215)
618,1,True,(parse failed),,
618,2,True,(parse failed),,
618,3,True,(parse failed),,
619,1,True,(parse failed),,
619,2,True,(parse failed),,
619,3,True,(parse failed),,
620,1,True,(parse failed),,
620,2,True,(parse failed),,
620,3,True,(parse failed),,
621,1,True,(parse failed),,
621,2,True,(parse failed),,
621,3,True,(parse failed),,
622,1,True,(parse failed),,
622,2,True,(parse failed),,
622,3,True,(parse failed),,
623,1,True,(parse failed),,
623,2,True,(parse failed),,
623,3,True,(parse failed),,
624,1,True,(parse failed),,
624,2,True,(parse failed),,
624,3,True,(parse failed),,
625,1,True,(parse failed),,
625,2,True,(parse failed),,
625,3,True,(parse failed),,
626,1,True,(parse failed),,
626,2,True,(parse failed),,
626,3,True,(parse failed),,
627,1,True,(parse failed),,
627,2,True,(parse failed),,
627,3,True,(parse failed),,
628,1,True,(parse failed),,
628,2,True,(parse failed),,
628,3,True,(parse failed),,
629,1,True,(parse failed),,
629,2,True,(parse failed),,
629,3,True,(parse failed),,
630,1,False,(parse failed),,json_parse_error: Extra data: line 2 column 1 (char 201)
630,2,False,(parse failed),,json_parse_error: Extra data: line 3 column 1 (char 202)
630,3,False,(parse failed),,json_parse_error: Extra data: line 3 column 1 (char 202)
631,1,True,(parse failed),,
631,2,True,(parse failed),,
631,3,True,(parse failed),,
632,1,True,(parse failed),,
632,2,True,(parse failed),,
632,3,True,(parse failed),,
633,1,True,(parse failed),,
633,2,False,(parse failed),,json_parse_error: Extra data: line 4 column 1 (char 216)
633,3,False,(parse failed),,json_parse_error: Extra data: line 4 column 1 (char 216)
634,1,True,(parse failed),,
634,2,True,(parse failed),,
634,3,True,(parse failed),,
635,1,True,(parse failed),,
635,2,True,(parse failed),,
635,3,True,(parse failed),,
636,1,True,(parse failed),,
636,2,True,(parse failed),,
636,3,True,(parse failed),,
637,1,False,(parse failed),,json_parse_error: Extra data: line 2 column 2 (char 208)
637,2,False,(parse failed),,json_parse_error: Extra data: line 2 column 2 (char 208)
637,3,False,(parse failed),,json_parse_error: Extra data: line 2 column 2 (char 208)
638,1,True,(parse failed),,
638,2,True,(parse failed),,
638,3,True,(parse failed),,
639,1,True,(parse failed),,
639,2,True,(parse failed),,
639,3,True,(parse failed),,
640,1,True,(parse failed),,
640,2,True,(parse failed),,
640,3,True,(parse failed),,
641,1,True,(parse failed),,
641,2,True,(parse failed),,
641,3,True,(parse failed),,
642,1,True,(parse failed),,
642,2,True,(parse failed),,
642,3,True,(parse failed),,
643,1,True,(parse failed),,
643,2,True,(parse failed),,
643,3,True,(parse failed),,
644,1,False,(parse failed),,json_parse_error: Extra data: line 3 column 1 (char 222)
644,2,False,(parse failed),,json_parse_error: Extra data: line 4 column 1 (char 224)
644,3,False,(parse failed),,json_parse_error: Extra data: line 4 column 1 (char 224)
645,1,True,(parse failed),,
645,2,True,(parse failed),,
645,3,True,(parse failed),,
646,1,False,(parse failed),,"Food: label must be 'Positive', 'Negative', or null; Price: label must be 'Positive', 'Negative', or null; Check-in: label must be 'Positive', 'Negative', or null; Check-out: label must be 'Positive', 'Negative', or null; Off: label must be 'Positive', 'Negative', or null; Booking-issue: label must be 'Positive', 'Negative', or null; Taxi-issue: label must be 'Positive', 'Negative', or null"
646,2,False,(parse failed),,"Food: label must be 'Positive', 'Negative', or null; Price: label must be 'Positive', 'Negative', or null; Check-in: label must be 'Positive', 'Negative', or null; Check-out: label must be 'Positive', 'Negative', or null; Off: label must be 'Positive', 'Negative', or null; Booking-issue: label must be 'Positive', 'Negative', or null; Taxi-issue: label must be 'Positive', 'Negative', or null"
646,3,False,(parse failed),,"Food: label must be 'Positive', 'Negative', or null; Price: label must be 'Positive', 'Negative', or null; Check-in: label must be 'Positive', 'Negative', or null; Check-out: label must be 'Positive', 'Negative', or null; Off: label must be 'Positive', 'Negative', or null; Booking-issue: label must be 'Positive', 'Negative', or null; Taxi-issue: label must be 'Positive', 'Negative', or null"
647,1,True,(parse failed),,
647,2,True,(parse failed),,
647,3,True,(parse failed),,
648,1,True,(parse failed),,
648,2,True,(parse failed),,
648,3,True,(parse failed),,
649,1,True,(parse failed),,
649,2,True,(parse failed),,
649,3,True,(parse failed),,
650,1,True,(parse failed),,
650,2,True,(parse failed),,
650,3,True,(parse failed),,
651,1,True,(parse failed),,
651,2,True,(parse failed),,
651,3,True,(parse failed),,
652,1,True,(parse failed),,
652,2,True,(parse failed),,
652,3,True,(parse failed),,
653,1,True,(parse failed),,
653,2,True,(parse failed),,
653,3,True,(parse failed),,
654,1,True,(parse failed),,
654,2,True,(parse failed),,
654,3,True,(parse failed),,
655,1,True,(parse failed),,
655,2,True,(parse failed),,
655,3,True,(parse failed),,
656,1,True,(parse failed),,
656,2,True,(parse failed),,
656,3,True,(parse failed),,
657,1,True,(parse failed),,
657,2,True,(parse failed),,
657,3,True,(parse failed),,
658,1,True,(parse failed),,
658,2,True,(parse failed),,
658,3,True,(parse failed),,
659,1,True,(parse failed),,
659,2,True,(parse failed),,
659,3,True,(parse failed),,
660,1,True,(parse failed),,
660,2,True,(parse failed),,
660,3,True,(parse failed),,
661,1,False,(parse failed),,json_parse_error: Extra data: line 3 column 1 (char 190)
661,2,True,(parse failed),,
661,3,True,(parse failed),,
662,1,True,(parse failed),,
662,2,True,(parse failed),,
662,3,True,(parse failed),,
663,1,True,(parse failed),,
663,2,True,(parse failed),,
663,3,True,(parse failed),,
664,1,True,(parse failed),,
664,2,True,(parse failed),,
664,3,True,(parse failed),,
665,1,True,(parse failed),,
665,2,True,(parse failed),,
665,3,True,(parse failed),,
666,1,True,(parse failed),,
666,2,True,(parse failed),,
666,3,True,(parse failed),,
667,1,True,(parse failed),,
667,2,True,(parse failed),,
667,3,True,(parse failed),,
668,1,True,(parse failed),,
668,2,True,(parse failed),,
668,3,True,(parse failed),,
669,1,True,(parse failed),,
669,2,True,(parse failed),,
669,3,True,(parse failed),,
670,1,False,(parse failed),,"Staff: label must be 'Positive', 'Negative', or null; Location: label must be 'Positive', 'Negative', or null; Food: label must be 'Positive', 'Negative', or null; Price: label must be 'Positive', 'Negative', or null; Check-in: label must be 'Positive', 'Negative', or null; Check-out: label must be 'Positive', 'Negative', or null; Off: label must be 'Positive', 'Negative', or null; Booking-issue: label must be 'Positive', 'Negative', or null; Taxi-issue: label must be 'Positive', 'Negative', or null"
670,2,False,(parse failed),,"Staff: label must be 'Positive', 'Negative', or null; Location: label must be 'Positive', 'Negative', or null; Food: label must be 'Positive', 'Negative', or null; Price: label must be 'Positive', 'Negative', or null; Check-in: label must be 'Positive', 'Negative', or null; Check-out: label must be 'Positive', 'Negative', or null; Off: label must be 'Positive', 'Negative', or null; Booking-issue: label must be 'Positive', 'Negative', or null; Taxi-issue: label must be 'Positive', 'Negative', or null"
670,3,False,(parse failed),,"Staff: label must be 'Positive', 'Negative', or null; Location: label must be 'Positive', 'Negative', or null; Food: label must be 'Positive', 'Negative', or null; Price: label must be 'Positive', 'Negative', or null; Check-in: label must be 'Positive', 'Negative', or null; Check-out: label must be 'Positive', 'Negative', or null; Off: label must be 'Positive', 'Negative', or null; Booking-issue: label must be 'Positive', 'Negative', or null; Taxi-issue: label must be 'Positive', 'Negative', or null"
671,1,True,(parse failed),,
671,2,True,(parse failed),,
671,3,True,(parse failed),,
672,1,True,(parse failed),,
672,2,True,(parse failed),,
672,3,True,(parse failed),,
673,1,False,(parse failed),,json_parse_error: Extra data: line 3 column 2 (char 221)
673,2,False,(parse failed),,json_parse_error: Extra data: line 3 column 2 (char 221)
673,3,False,(parse failed),,json_parse_error: Extra data: line 3 column 2 (char 221)
674,1,True,(parse failed),,
674,2,True,(parse failed),,
674,3,True,(parse failed),,
675,1,True,(parse failed),,
675,2,True,(parse failed),,
675,3,True,(parse failed),,
676,1,True,(parse failed),,
676,2,True,(parse failed),,
676,3,True,(parse failed),,
677,1,True,(parse failed),,
677,2,True,(parse failed),,
677,3,True,(parse failed),,
678,1,True,(parse failed),,
678,2,True,(parse failed),,
678,3,True,(parse failed),,
679,1,False,(parse failed),,json_parse_error: Extra data: line 3 column 1 (char 209)
679,2,False,(parse failed),,json_parse_error: Extra data: line 2 column 1 (char 208)
679,3,False,(parse failed),,json_parse_error: Extra data: line 2 column 1 (char 208)
680,1,True,(parse failed),,
680,2,True,(parse failed),,
680,3,True,(parse failed),,
681,1,True,(parse failed),,
681,2,True,(parse failed),,
681,3,True,(parse failed),,
682,1,True,(parse failed),,
682,2,True,(parse failed),,
682,3,True,(parse failed),,
683,1,True,(parse failed),,
683,2,True,(parse failed),,
683,3,True,(parse failed),,
684,1,False,(parse failed),,json_parse_error: Extra data: line 3 column 1 (char 201)
684,2,False,(parse failed),,json_parse_error: Extra data: line 3 column 1 (char 201)
684,3,False,(parse failed),,json_parse_error: Extra data: line 3 column 1 (char 201)
685,1,True,(parse failed),,
685,2,True,(parse failed),,
685,3,True,(parse failed),,
686,1,True,(parse failed),,
686,2,True,(parse failed),,
686,3,True,(parse failed),,
687,1,True,(parse failed),,
687,2,True,(parse failed),,
687,3,True,(parse failed),,
688,1,True,(parse failed),,
688,2,True,(parse failed),,
688,3,True,(parse failed),,
689,1,True,(parse failed),,
689,2,True,(parse failed),,
689,3,True,(parse failed),,
690,1,False,(parse failed),,json_parse_error: Extra data: line 3 column 1 (char 203)
690,2,False,(parse failed),,json_parse_error: Extra data: line 3 column 1 (char 203)
690,3,False,(parse failed),,json_parse_error: Extra data: line 3 column 1 (char 203)
691,1,True,(parse failed),,
691,2,True,(parse failed),,
691,3,True,(parse failed),,
692,1,True,(parse failed),,
692,2,False,(parse failed),,json_parse_error: Extra data: line 3 column 1 (char 203)
692,3,False,(parse failed),,json_parse_error: Extra data: line 3 column 1 (char 203)
693,1,True,(parse failed),,
693,2,True,(parse failed),,
693,3,True,(parse failed),,
694,1,True,(parse failed),,
694,2,True,(parse failed),,
694,3,True,(parse failed),,
695,1,True,(parse failed),,
695,2,True,(parse failed),,
695,3,True,(parse failed),,
696,1,True,(parse failed),,
696,2,True,(parse failed),,
696,3,True,(parse failed),,
697,1,True,(parse failed),,
697,2,True,(parse failed),,
697,3,True,(parse failed),,
698,1,True,(parse failed),,
698,2,True,(parse failed),,
698,3,True,(parse failed),,
699,1,True,(parse failed),,
699,2,True,(parse failed),,
699,3,True,(parse failed),,
700,1,True,(parse failed),,
700,2,True,(parse failed),,
700,3,True,(parse failed),,
701,1,True,(parse failed),,
701,2,True,(parse failed),,
701,3,True,(parse failed),,
702,1,True,(parse failed),,
702,2,True,(parse failed),,
702,3,True,(parse failed),,
703,1,True,(parse failed),,
703,2,True,(parse failed),,
703,3,True,(parse failed),,
704,1,True,(parse failed),,
704,2,True,(parse failed),,
704,3,True,(parse failed),,
705,1,True,(parse failed),,
705,2,True,(parse failed),,
705,3,True,(parse failed),,
706,1,True,(parse failed),,
706,2,True,(parse failed),,
706,3,True,(parse failed),,
707,1,True,(parse failed),,
707,2,True,(parse failed),,
707,3,True,(parse failed),,
708,1,True,(parse failed),,
708,2,True,(parse failed),,
708,3,True,(parse failed),,
709,1,True,(parse failed),,
709,2,True,(parse failed),,
709,3,True,(parse failed),,
710,1,True,(parse failed),,
710,2,True,(parse failed),,
710,3,True,(parse failed),,
711,1,True,(parse failed),,
711,2,True,(parse failed),,
711,3,True,(parse failed),,
712,1,True,(parse failed),,
712,2,True,(parse failed),,
712,3,True,(parse failed),,
713,1,True,(parse failed),,
713,2,True,(parse failed),,
713,3,True,(parse failed),,
714,1,True,(parse failed),,
714,2,True,(parse failed),,
714,3,True,(parse failed),,
715,1,True,(parse failed),,
715,2,True,(parse failed),,
715,3,True,(parse failed),,
716,1,True,(parse failed),,
716,2,True,(parse failed),,
716,3,True,(parse failed),,
717,1,True,(parse failed),,
717,2,True,(parse failed),,
717,3,True,(parse failed),,
718,1,True,(parse failed),,
718,2,True,(parse failed),,
718,3,True,(parse failed),,
719,1,True,(parse failed),,
719,2,True,(parse failed),,
719,3,True,(parse failed),,
720,1,True,(parse failed),,
720,2,True,(parse failed),,
720,3,True,(parse failed),,
721,1,True,(parse failed),,
721,2,True,(parse failed),,
721,3,True,(parse failed),,
722,1,True,(parse failed),,
722,2,True,(parse failed),,
722,3,True,(parse failed),,
723,1,False,(parse failed),,json_parse_error: Extra data: line 2 column 2 (char 258)
723,2,False,(parse failed),,json_parse_error: Extra data: line 2 column 2 (char 240)
723,3,False,(parse failed),,json_parse_error: Extra data: line 2 column 2 (char 240)
724,1,True,(parse failed),,
724,2,True,(parse failed),,
724,3,True,(parse failed),,
725,1,True,(parse failed),,
725,2,True,(parse failed),,
725,3,True,(parse failed),,
726,1,True,(parse failed),,
726,2,True,(parse failed),,
726,3,True,(parse failed),,
727,1,True,(parse failed),,
727,2,True,(parse failed),,
727,3,True,(parse failed),,
728,1,True,(parse failed),,
728,2,True,(parse failed),,
728,3,True,(parse failed),,
729,1,True,(parse failed),,
729,2,True,(parse failed),,
729,3,True,(parse failed),,
730,1,False,(parse failed),,json_parse_error: Extra data: line 3 column 1 (char 190)
730,2,False,(parse failed),,json_parse_error: Extra data: line 3 column 1 (char 190)
730,3,False,(parse failed),,json_parse_error: Extra data: line 3 column 1 (char 190)
731,1,True,(parse failed),,
731,2,True,(parse failed),,
731,3,True,(parse failed),,
732,1,True,(parse failed),,
732,2,True,(parse failed),,
732,3,True,(parse failed),,
733,1,True,(parse failed),,
733,2,True,(parse failed),,
733,3,True,(parse failed),,
734,1,True,(parse failed),,
734,2,True,(parse failed),,
734,3,True,(parse failed),,
735,1,True,(parse failed),,
735,2,True,(parse failed),,
735,3,True,(parse failed),,
736,1,True,(parse failed),,
736,2,True,(parse failed),,
736,3,True,(parse failed),,
737,1,True,(parse failed),,
737,2,True,(parse failed),,
737,3,True,(parse failed),,
738,1,True,(parse failed),,
738,2,True,(parse failed),,
738,3,True,(parse failed),,
739,1,True,(parse failed),,
739,2,True,(parse failed),,
739,3,True,(parse failed),,
740,1,False,(parse failed),,json_parse_error: Extra data: line 2 column 2 (char 340)
740,2,False,(parse failed),,json_parse_error: Extra data: line 2 column 2 (char 340)
740,3,False,(parse failed),,json_parse_error: Extra data: line 2 column 2 (char 340)
741,1,True,(parse failed),,
741,2,True,(parse failed),,
741,3,True,(parse failed),,
742,1,True,(parse failed),,
742,2,True,(parse failed),,
742,3,True,(parse failed),,
743,1,True,(parse failed),,
743,2,True,(parse failed),,
743,3,True,(parse failed),,
744,1,True,(parse failed),,
744,2,True,(parse failed),,
744,3,True,(parse failed),,
745,1,True,(parse failed),,
745,2,True,(parse failed),,
745,3,True,(parse failed),,
746,1,False,(parse failed),,json_parse_error: Extra data: line 17 column 1 (char 266)
746,2,False,(parse failed),,json_parse_error: Extra data: line 17 column 1 (char 266)
746,3,False,(parse failed),,json_parse_error: Extra data: line 17 column 1 (char 266)
747,1,False,(parse failed),,json_parse_error: Extra data: line 3 column 1 (char 190)
747,2,True,(parse failed),,
747,3,True,(parse failed),,
748,1,True,(parse failed),,
748,2,True,(parse failed),,
748,3,True,(parse failed),,
749,1,True,(parse failed),,
749,2,True,(parse failed),,
749,3,True,(parse failed),,
750,1,True,(parse failed),,
750,2,True,(parse failed),,
750,3,True,(parse failed),,
751,1,True,(parse failed),,
751,2,True,(parse failed),,
751,3,True,(parse failed),,
752,1,True,(parse failed),,
752,2,True,(parse failed),,
752,3,True,(parse failed),,
753,1,True,(parse failed),,
753,2,True,(parse failed),,
753,3,True,(parse failed),,
754,1,True,(parse failed),,
754,2,True,(parse failed),,
754,3,True,(parse failed),,
755,1,True,(parse failed),,
755,2,True,(parse failed),,
755,3,True,(parse failed),,
756,1,False,(parse failed),,json_parse_error: Extra data: line 2 column 2 (char 209)
756,2,True,(parse failed),,
756,3,True,(parse failed),,
757,1,True,(parse failed),,
757,2,True,(parse failed),,
757,3,True,(parse failed),,
758,1,True,(parse failed),,
758,2,True,(parse failed),,
758,3,True,(parse failed),,
759,1,True,(parse failed),,
759,2,True,(parse failed),,
759,3,True,(parse failed),,
760,1,False,(parse failed),,json_parse_error: Extra data: line 2 column 2 (char 208)
760,2,False,(parse failed),,json_parse_error: Extra data: line 2 column 2 (char 208)
760,3,False,(parse failed),,json_parse_error: Extra data: line 2 column 2 (char 208)
761,1,False,(parse failed),,json_parse_error: Invalid control character at: line 1 column 191 (char 190)
761,2,False,(parse failed),,json_parse_error: Invalid control character at: line 1 column 191 (char 190)
761,3,False,(parse failed),,json_parse_error: Invalid control character at: line 1 column 191 (char 190)
762,1,True,(parse failed),,
762,2,True,(parse failed),,
762,3,True,(parse failed),,
763,1,False,(parse failed),,json_parse_error: Extra data: line 3 column 1 (char 294)
763,2,False,(parse failed),,json_parse_error: Extra data: line 2 column 1 (char 293)
763,3,False,(parse failed),,json_parse_error: Extra data: line 2 column 1 (char 293)
764,1,False,(parse failed),,"Food: label must be 'Positive', 'Negative', or null; Price: label must be 'Positive', 'Negative', or null; Check-in: label must be 'Positive', 'Negative', or null; Check-out: label must be 'Positive', 'Negative', or null; Off: label must be 'Positive', 'Negative', or null; Booking-issue: label must be 'Positive', 'Negative', or null; Taxi-issue: label must be 'Positive', 'Negative', or null"
764,2,False,(parse failed),,"Food: label must be 'Positive', 'Negative', or null; Price: label must be 'Positive', 'Negative', or null; Check-in: label must be 'Positive', 'Negative', or null; Check-out: label must be 'Positive', 'Negative', or null; Off: label must be 'Positive', 'Negative', or null; Booking-issue: label must be 'Positive', 'Negative', or null; Taxi-issue: label must be 'Positive', 'Negative', or null"
764,3,False,(parse failed),,"Food: label must be 'Positive', 'Negative', or null; Price: label must be 'Positive', 'Negative', or null; Check-in: label must be 'Positive', 'Negative', or null; Check-out: label must be 'Positive', 'Negative', or null; Off: label must be 'Positive', 'Negative', or null; Booking-issue: label must be 'Positive', 'Negative', or null; Taxi-issue: label must be 'Positive', 'Negative', or null"
765,1,True,(parse failed),,
765,2,True,(parse failed),,
765,3,True,(parse failed),,
766,1,True,(parse failed),,
766,2,True,(parse failed),,
766,3,True,(parse failed),,
767,1,True,(parse failed),,
767,2,True,(parse failed),,
767,3,True,(parse failed),,
768,1,True,(parse failed),,
768,2,True,(parse failed),,
768,3,True,(parse failed),,
769,1,True,(parse failed),,
769,2,True,(parse failed),,
769,3,True,(parse failed),,
770,1,True,(parse failed),,
770,2,False,(parse failed),,json_parse_error: Extra data: line 3 column 1 (char 221)
770,3,False,(parse failed),,json_parse_error: Extra data: line 3 column 1 (char 221)
771,1,True,(parse failed),,
771,2,True,(parse failed),,
771,3,True,(parse failed),,
772,1,False,(parse failed),,json_parse_error: Extra data: line 3 column 1 (char 254)
772,2,False,(parse failed),,json_parse_error: Extra data: line 3 column 1 (char 207)
772,3,False,(parse failed),,json_parse_error: Extra data: line 3 column 1 (char 207)
773,1,True,(parse failed),,
773,2,True,(parse failed),,
773,3,True,(parse failed),,
774,1,True,(parse failed),,
774,2,True,(parse failed),,
774,3,True,(parse failed),,
775,1,True,(parse failed),,
775,2,True,(parse failed),,
775,3,True,(parse failed),,
776,1,True,(parse failed),,
776,2,True,(parse failed),,
776,3,True,(parse failed),,
777,1,True,(parse failed),,
777,2,True,(parse failed),,
777,3,True,(parse failed),,
778,1,True,(parse failed),,
778,2,True,(parse failed),,
778,3,True,(parse failed),,
779,1,True,(parse failed),,
779,2,True,(parse failed),,
779,3,True,(parse failed),,
780,1,True,(parse failed),,
780,2,True,(parse failed),,
780,3,True,(parse failed),,
781,1,False,(parse failed),,json_parse_error: Extra data: line 3 column 1 (char 201)
781,2,False,(parse failed),,json_parse_error: Extra data: line 3 column 1 (char 201)
781,3,False,(parse failed),,json_parse_error: Extra data: line 3 column 1 (char 201)
782,1,True,(parse failed),,
782,2,True,(parse failed),,
782,3,True,(parse failed),,
783,1,True,(parse failed),,
783,2,True,(parse failed),,
783,3,True,(parse failed),,
784,1,True,(parse failed),,
784,2,True,(parse failed),,
784,3,True,(parse failed),,
785,1,True,(parse failed),,
785,2,True,(parse failed),,
785,3,True,(parse failed),,
2484,1,True,(parse failed),,
2484,2,True,(parse failed),,
2484,3,True,(parse failed),,
