Review ID,Run,Valid,Topics Present,Errors
1,1,False,"Room, Staff, Location, Food, Off",'Price' is a required property
1,2,False,"Room, Staff, Location, Food, Off",'Price' is a required property
1,3,False,"Room, Staff, Location, Food, Off",'Price' is a required property
2,1,True,"Room, Staff, Food",
2,2,True,"Room, Staff, Food",
2,3,True,"Room, Staff, Food",
3,1,False,Location,'Price' is a required property
3,2,False,Location,'Price' is a required property
3,3,False,Location,'Price' is a required property
4,1,True,"Location, Price, Off",
4,2,True,"Location, Price, Off",
4,3,True,"Location, Price, Off",
5,1,True,"Room, Location",
5,2,True,"Room, Location",
5,3,True,"Room, Location",
6,1,True,"Room, Off",
6,2,True,"Room, Off",
6,3,True,"Room, Off",
7,1,True,"Staff, Off",
7,2,True,"Staff, Off",
7,3,True,"Staff, Off",
8,1,True,"Staff, Location, Off",
8,2,True,"Staff, Location, Off",
8,3,True,"Staff, Location, Off",
9,1,True,"Staff, Location, Off",
9,2,True,"Staff, Location, Off",
9,3,True,"Staff, Location, Off",
10,1,True,"Room, Location",
10,2,True,"Room, Location",
10,3,True,"Room, Location",
11,1,True,"Room, Staff, Location, Food",
11,2,True,"Room, Staff, Location, Food",
11,3,True,"Room, Staff, Location, Food",
12,1,True,"Staff, Food",
12,2,True,"Staff, Food",
12,3,True,"Staff, Food",
13,1,True,"Room, Staff, Location",
13,2,True,"Room, Staff, Location",
13,3,True,"Room, Staff, Location",
14,1,True,"Staff, Location",
14,2,True,"Staff, Location",
14,3,True,"Staff, Location",
15,1,True,"Staff, Location, Off",
15,2,True,"Staff, Location, Off",
15,3,True,"Staff, Location, Off",
16,1,True,"Room, Food",
16,2,True,"Room, Food",
16,3,True,"Room, Food",
17,1,True,"Room, Staff, Off",
17,2,False,"Room, Staff, Off",'Price' is a required property
17,3,False,"Room, Staff, Off",'Price' is a required property
18,1,True,"Staff, Location, Food, Price, Off",
18,2,True,"Staff, Location, Food, Price, Off",
18,3,True,"Staff, Location, Food, Price, Off",
19,1,True,Location,
19,2,True,Location,
19,3,True,Location,
20,1,True,"Staff, Location, Off",
20,2,True,"Staff, Location, Off",
20,3,True,"Staff, Location, Off",
21,1,True,"Staff, Food",
21,2,True,"Staff, Food",
21,3,True,"Staff, Food",
22,1,True,"Room, Food, Off",
22,2,True,"Room, Food, Off",
22,3,True,"Room, Food, Off",
23,1,True,Room,
23,2,True,Room,
23,3,True,Room,
24,1,True,"Staff, Off",
24,2,True,"Staff, Off",
24,3,True,"Staff, Off",
25,1,True,"Staff, Off",
25,2,True,"Staff, Off",
25,3,True,"Staff, Off",
26,1,True,"Room, Staff, Location, Food",
26,2,False,"Room, Staff, Location, Food",'Price' is a required property
26,3,False,"Room, Staff, Location, Food",'Price' is a required property
27,1,True,"Staff, Off",
27,2,True,"Staff, Off",
27,3,True,"Staff, Off",
28,1,True,"Staff, Location, Off",
28,2,True,"Staff, Location, Off",
28,3,True,"Staff, Location, Off",
29,1,False,"Room, Staff",'Price' is a required property
29,2,False,"Room, Staff",'Price' is a required property
29,3,False,"Room, Staff",'Price' is a required property
30,1,True,"Room, Staff, Location, Off",
30,2,True,"Room, Staff, Location, Off",
30,3,True,"Room, Staff, Location, Off",
31,1,True,"Staff, Location, Food, Price",
31,2,True,"Staff, Location, Food, Price",
31,3,True,"Staff, Location, Food, Price",
32,1,True,"Room, Staff, Off",
32,2,True,"Room, Staff, Off",
32,3,True,"Room, Staff, Off",
33,1,True,"Room, Staff, Food",
33,2,True,"Room, Staff, Food",
33,3,True,"Room, Staff, Food",
34,1,True,"Location, Price, Off",
34,2,True,"Location, Price, Off",
34,3,True,"Location, Price, Off",
35,1,True,Location,
35,2,True,Location,
35,3,True,Location,
36,1,False,"Room, Staff, Location, Food, Check-in, Off",'Price' is a required property
36,2,False,"Staff, Location, Food, Check-in, Off",'Price' is a required property
36,3,False,"Staff, Location, Food, Check-in, Off",'Price' is a required property
37,1,True,"Staff, Location, Food, Off",
37,2,True,"Staff, Location, Food, Off",
37,3,True,"Staff, Location, Food, Off",
38,1,True,"Room, Off",
38,2,True,Room,
38,3,True,Room,
39,1,True,Room,
39,2,True,"Room, Off",
39,3,True,"Room, Off",
40,1,True,"Room, Location",
40,2,True,"Room, Location",
40,3,True,"Room, Location",
41,1,True,"Room, Staff, Location, Off",
41,2,True,"Room, Staff, Location, Off",
41,3,True,"Room, Staff, Location, Off",
42,1,True,"Staff, Off",
42,2,True,"Staff, Off",
42,3,True,"Staff, Off",
43,1,True,"Room, Off",
43,2,True,"Room, Off",
43,3,True,"Room, Off",
44,1,True,"Staff, Facility, Price",
44,2,True,"Staff, Facility, Price",
44,3,True,"Staff, Facility, Price",
45,1,True,"Room, Location, Food, Price",
45,2,True,"Room, Location, Food, Price",
45,3,True,"Room, Location, Food, Price",
46,1,True,"Price, Off",
46,2,True,"Price, Off",
46,3,True,"Price, Off",
47,1,True,"Staff, Price, Off, Taxi-issue",
47,2,True,"Staff, Price, Off, Taxi-issue",
47,3,True,"Staff, Price, Off, Taxi-issue",
48,1,True,"Room, Staff, Off",
48,2,True,"Room, Staff, Off",
48,3,True,"Room, Staff, Off",
49,1,True,"Room, Location, Price",
49,2,True,"Room, Location, Price",
49,3,True,"Room, Location, Price",
50,1,True,"Location, Off",
50,2,True,"Location, Off",
50,3,True,"Location, Off",
51,1,True,"Room, Staff, Location, Food",
51,2,True,"Room, Staff, Location, Food",
51,3,True,"Room, Staff, Location, Food",
52,1,True,"Food, Off",
52,2,True,"Food, Off",
52,3,True,"Food, Off",
53,1,True,"Room, Location, Food",
53,2,True,"Room, Location, Food",
53,3,True,"Room, Location, Food",
54,1,True,Room,
54,2,True,Room,
54,3,True,Room,
55,1,True,"Location, Off",
55,2,True,"Location, Off",
55,3,True,"Location, Off",
56,1,True,"Room, Staff, Location, Off",
56,2,True,"Room, Staff, Location, Off",
56,3,True,"Room, Staff, Location, Off",
57,1,True,"Room, Staff, Location",
57,2,True,"Room, Staff, Location",
57,3,True,"Room, Staff, Location",
58,1,True,"Room, Staff, Location",
58,2,True,"Room, Staff, Location",
58,3,True,"Room, Staff, Location",
59,1,False,"Location, Check-in, Off",'Price' is a required property
59,2,False,"Location, Check-in, Off",'Price' is a required property
59,3,False,"Location, Check-in, Off",'Price' is a required property
60,1,True,"Room, Check-in, Off",
60,2,True,"Room, Check-in, Off",
60,3,True,"Room, Check-in, Off",
61,1,True,"Staff, Food",
61,2,True,"Staff, Food",
61,3,True,"Staff, Food",
62,1,True,"Room, Location, Food",
62,2,True,"Room, Location, Food",
62,3,True,"Room, Location, Food",
63,1,True,"Staff, Price, Off",
63,2,True,"Staff, Price, Off",
63,3,True,"Staff, Price, Off",
64,1,True,"Room, Staff, Location, Off",
64,2,True,"Room, Staff, Location, Off",
64,3,True,"Room, Staff, Location, Off",
65,1,True,"Room, Staff, Location, Food",
65,2,True,"Room, Staff, Location, Food",
65,3,True,"Room, Staff, Location, Food",
66,1,False,"Room, Staff, Location, Food, Off",'Price' is a required property
66,2,False,"Room, Staff, Location, Food, Off",'Price' is a required property
66,3,False,"Room, Staff, Location, Food, Off",'Price' is a required property
67,1,True,"Staff, Off",
67,2,True,"Staff, Off",
67,3,True,"Staff, Off",
68,1,True,"Staff, Off",
68,2,True,"Staff, Off",
68,3,True,"Staff, Off",
69,1,True,"Staff, Price, Off",
69,2,True,"Staff, Price, Off",
69,3,True,"Staff, Price, Off",
70,1,True,"Staff, Off",
70,2,True,"Staff, Off",
70,3,True,"Staff, Off",
71,1,False,"Staff, Location, Check-in, Off",'Price' is a required property
71,2,False,"Staff, Location, Check-in, Off",'Price' is a required property
71,3,False,"Staff, Location, Check-in, Off",'Price' is a required property
72,1,True,"Room, Check-in",
72,2,True,"Room, Check-in",
72,3,True,"Room, Check-in",
73,1,True,"Room, Staff, Off",
73,2,True,"Room, Staff, Off",
73,3,True,"Room, Staff, Off",
74,1,False,"Room, Staff, Location, Food",'Price' is a required property
74,2,False,"Room, Staff, Location, Food",'Price' is a required property
74,3,False,"Room, Staff, Location, Food",'Price' is a required property
75,1,True,Location,
75,2,True,Location,
75,3,True,Location,
76,1,True,Location,
76,2,True,Location,
76,3,True,Location,
77,1,True,"Staff, Off",
77,2,True,"Staff, Off",
77,3,True,"Staff, Off",
78,1,True,"Room, Staff, Off",
78,2,True,"Room, Staff, Off",
78,3,True,"Room, Staff, Off",
79,1,True,"Staff, Off",
79,2,True,"Staff, Off",
79,3,True,"Staff, Off",
80,1,False,"Location, Food",'Price' is a required property
80,2,False,"Location, Food",'Price' is a required property
80,3,False,"Location, Food",'Price' is a required property
81,1,True,"Room, Location, Off",
81,2,True,"Room, Location, Off",
81,3,True,"Room, Location, Off",
82,1,True,"Staff, Location, Off",
82,2,True,"Staff, Location, Off",
82,3,True,"Staff, Location, Off",
83,1,True,"Room, Location",
83,2,True,"Room, Location",
83,3,True,"Room, Location",
84,1,True,"Staff, Location, Food",
84,2,True,"Staff, Location, Food",
84,3,True,"Staff, Location, Food",
85,1,True,"Room, Food, Check-in, Check-out",
85,2,True,"Room, Food, Check-in, Check-out",
85,3,True,"Room, Food, Check-in, Check-out",
86,1,True,"Staff, Food",
86,2,True,"Staff, Food",
86,3,True,"Staff, Food",
87,1,True,"Staff, Food",
87,2,True,"Staff, Food",
87,3,True,"Staff, Food",
88,1,True,"Room, Staff, Location, Off",
88,2,True,"Room, Staff, Location, Off",
88,3,True,"Room, Staff, Location, Off",
89,1,False,"Room, Check-in, Check-out, Off",'Price' is a required property
89,2,False,"Room, Check-in, Check-out, Off",'Price' is a required property
89,3,False,"Room, Check-in, Check-out, Off",'Price' is a required property
90,1,True,"Staff, Off",
90,2,True,"Staff, Off",
90,3,True,"Staff, Off",
91,1,True,"Room, Staff, Location",
91,2,True,"Room, Staff, Location",
91,3,True,"Room, Staff, Location",
92,1,False,"Staff, Check-in",'Price' is a required property
92,2,False,"Staff, Check-in",'Price' is a required property
92,3,False,"Staff, Check-in",'Price' is a required property
93,1,True,"Room, Location, Food",
93,2,True,"Room, Location, Food",
93,3,True,"Room, Location, Food",
94,1,True,"Staff, Food, Facility, Off",
94,2,True,"Staff, Food, Facility, Off",
94,3,True,"Staff, Food, Facility, Off",
95,1,True,Location,
95,2,True,Location,
95,3,True,Location,
96,1,True,"Room, Staff",
96,2,True,"Room, Staff",
96,3,True,"Room, Staff",
97,1,True,"Staff, Food",
97,2,True,"Staff, Food",
97,3,True,"Staff, Food",
98,1,True,"Room, Location",
98,2,True,"Room, Location",
98,3,True,"Room, Location",
99,1,True,"Staff, Off",
99,2,True,"Staff, Off",
99,3,True,"Staff, Off",
100,1,True,"Staff, Off",
100,2,True,"Staff, Off",
100,3,True,"Staff, Off",
101,1,True,"Room, Staff",
101,2,True,"Room, Staff",
101,3,True,"Room, Staff",
102,1,True,"Room, Staff, Location, Off",
102,2,True,"Room, Staff, Location, Off",
102,3,True,"Room, Staff, Location, Off",
103,1,True,Room,
103,2,True,Room,
103,3,True,Room,
104,1,True,"Room, Off",
104,2,True,"Room, Off",
104,3,True,"Room, Off",
105,1,True,"Room, Staff",
105,2,True,"Room, Staff",
105,3,True,"Room, Staff",
106,1,True,"Staff, Location",
106,2,True,"Staff, Location",
106,3,True,"Staff, Location",
107,1,True,"Room, Location, Food, Off",
107,2,True,"Room, Location, Food, Off",
107,3,True,"Room, Location, Food, Off",
108,1,True,"Location, Off",
108,2,True,"Location, Off",
108,3,True,"Location, Off",
109,1,True,"Room, Staff, Location, Off",
109,2,True,"Room, Staff, Location, Off",
109,3,True,"Room, Staff, Location, Off",
110,1,True,"Staff, Location, Check-in",
110,2,True,"Staff, Location, Check-in",
110,3,True,"Staff, Location, Check-in",
111,1,True,"Room, Location, Off",
111,2,True,"Room, Location, Off",
111,3,True,"Room, Location, Off",
112,1,True,"Staff, Food",
112,2,True,"Staff, Food",
112,3,True,"Staff, Food",
113,1,True,"Room, Staff",
113,2,True,"Room, Staff",
113,3,True,"Room, Staff",
114,1,True,"Room, Staff, Location",
114,2,True,"Room, Staff, Location",
114,3,True,"Room, Staff, Location",
115,1,False,"Staff, Location, Off",'Price' is a required property
115,2,False,"Staff, Location, Off",'Price' is a required property
115,3,False,"Staff, Location, Off",'Price' is a required property
116,1,True,Location,
116,2,True,Location,
116,3,True,Location,
117,1,False,Location,'Price' is a required property
117,2,False,Location,'Price' is a required property
117,3,False,Location,'Price' is a required property
118,1,True,"Room, Staff, Location, Food, Off",
118,2,True,"Room, Staff, Location, Food, Off",
118,3,True,"Room, Staff, Location, Food, Off",
119,1,True,"Room, Staff, Location",
119,2,True,"Room, Staff, Location",
119,3,True,"Room, Staff, Location",
120,1,True,"Staff, Location",
120,2,True,"Staff, Location",
120,3,True,"Staff, Location",
121,1,True,"Location, Off",
121,2,True,"Location, Off",
121,3,True,"Location, Off",
122,1,True,"Staff, Off",
122,2,True,"Staff, Off",
122,3,True,"Staff, Off",
123,1,True,"Staff, Location",
123,2,True,"Staff, Location",
123,3,True,"Staff, Location",
124,1,True,Staff,
124,2,True,Staff,
124,3,True,Staff,
125,1,True,"Staff, Location, Price, Taxi-issue",
125,2,True,"Staff, Location, Price, Taxi-issue",
125,3,True,"Staff, Location, Price, Taxi-issue",
126,1,True,"Room, Staff, Food",
126,2,True,"Room, Staff, Food",
126,3,True,"Room, Staff, Food",
127,1,True,"Staff, Off",
127,2,True,"Staff, Off",
127,3,True,"Staff, Off",
128,1,True,Location,
128,2,True,Location,
128,3,True,Location,
129,1,True,"Room, Staff, Off",
129,2,True,"Room, Staff, Off",
129,3,True,"Room, Staff, Off",
130,1,False,"Staff, Off",'Price' is a required property
130,2,False,"Staff, Off",'Price' is a required property
130,3,False,"Staff, Off",'Price' is a required property
131,1,True,"Room, Staff",
131,2,True,"Room, Staff",
131,3,True,"Room, Staff",
132,1,True,"Staff, Location, Food",
132,2,True,"Staff, Location, Food",
132,3,True,"Staff, Location, Food",
133,1,True,"Room, Staff, Price",
133,2,True,"Room, Staff, Price",
133,3,True,"Room, Staff, Price",
134,1,True,"Staff, Location, Food",
134,2,True,"Staff, Location, Food",
134,3,True,"Staff, Location, Food",
135,1,True,"Room, Staff, Food",
135,2,True,"Room, Staff, Food",
135,3,True,"Room, Staff, Food",
136,1,True,"Room, Food, Price, Off",
136,2,True,"Room, Food, Price, Off",
136,3,True,"Room, Food, Price, Off",
137,1,True,"Room, Staff, Location",
137,2,True,"Room, Staff, Location",
137,3,True,"Room, Staff, Location",
138,1,True,"Room, Staff, Location, Off",
138,2,True,"Room, Staff, Location, Off",
138,3,True,"Room, Staff, Location, Off",
139,1,False,"Location, Food",'Price' is a required property
139,2,False,"Location, Food",'Price' is a required property
139,3,False,"Location, Food",'Price' is a required property
140,1,True,"Room, Location, Food, Check-in, Check-out",
140,2,True,"Room, Location, Food, Check-in, Check-out",
140,3,True,"Room, Location, Food, Check-in, Check-out",
141,1,True,"Staff, Off",
141,2,True,"Staff, Off",
141,3,True,"Staff, Off",
142,1,True,"Staff, Location, Off",
142,2,True,"Staff, Location, Off",
142,3,True,"Staff, Location, Off",
143,1,True,"Location, Off",
143,2,True,"Location, Off",
143,3,True,"Location, Off",
144,1,True,"Staff, Off",
144,2,True,"Staff, Off",
144,3,True,"Staff, Off",
145,1,False,"Room, Staff, Location, Food",'Price' is a required property
145,2,False,"Room, Staff, Location, Food",'Price' is a required property
145,3,False,"Room, Staff, Location, Food",'Price' is a required property
146,1,False,"Room, Staff, Off",'Price' is a required property
146,2,False,"Room, Staff, Off",'Price' is a required property
146,3,False,"Room, Staff, Off",'Price' is a required property
147,1,True,"Staff, Off",
147,2,True,"Staff, Off",
147,3,True,"Staff, Off",
148,1,True,"Location, Off",
148,2,True,"Location, Off",
148,3,True,"Location, Off",
149,1,True,"Room, Staff, Price, Check-in, Off",
149,2,True,"Room, Staff, Price, Check-in, Off",
149,3,True,"Room, Staff, Price, Check-in, Off",
150,1,True,"Location, Off",
150,2,True,"Location, Off",
150,3,True,"Location, Off",
151,1,True,"Staff, Off",
151,2,True,"Staff, Off",
151,3,True,"Staff, Off",
152,1,True,"Room, Location, Check-in, Check-out",
152,2,True,"Room, Location, Check-in, Check-out",
152,3,True,"Room, Location, Check-in, Check-out",
153,1,False,"Room, Staff, Location, Food, Off",'Price' is a required property
153,2,False,"Room, Staff, Location, Food, Off",'Price' is a required property
153,3,False,"Room, Staff, Location, Food, Off",'Price' is a required property
154,1,True,"Staff, Food",
154,2,True,"Staff, Food",
154,3,True,"Staff, Food",
155,1,True,"Room, Location, Food, Facility, Price",
155,2,True,"Room, Location, Food, Facility, Price",
155,3,True,"Room, Location, Food, Facility, Price",
156,1,True,"Room, Location, Price",
156,2,True,"Room, Location, Price",
156,3,True,"Room, Location, Price",
157,1,True,"Room, Location",
157,2,True,"Room, Location",
157,3,True,"Room, Location",
158,1,True,"Staff, Location, Food, Check-in",
158,2,True,"Staff, Location, Food, Check-in",
158,3,True,"Staff, Location, Food, Check-in",
159,1,True,"Room, Staff, Location",
159,2,True,"Room, Staff, Location",
159,3,True,"Room, Staff, Location",
160,1,True,"Staff, Off",
160,2,True,"Staff, Off",
160,3,True,"Staff, Off",
161,1,True,"Staff, Price, Check-in, Check-out, Off",
161,2,True,"Staff, Price, Check-in, Check-out, Off",
161,3,True,"Staff, Price, Check-in, Check-out, Off",
162,1,True,"Staff, Food",
162,2,True,"Staff, Food",
162,3,True,"Staff, Food",
163,1,True,"Staff, Check-in, Off",
163,2,True,"Staff, Check-in, Off",
163,3,True,"Staff, Check-in, Off",
164,1,True,"Staff, Off",
164,2,True,"Staff, Off",
164,3,True,"Staff, Off",
165,1,True,"Staff, Off",
165,2,True,"Staff, Off",
165,3,True,"Staff, Off",
166,1,True,"Staff, Off",
166,2,True,"Staff, Off",
166,3,True,"Staff, Off",
167,1,True,"Staff, Food",
167,2,True,"Staff, Food",
167,3,True,"Staff, Food",
168,1,True,"Room, Staff, Location, Food",
168,2,True,"Room, Staff, Location, Food",
168,3,True,"Room, Staff, Location, Food",
169,1,True,"Room, Staff, Location, Food",
169,2,True,"Room, Staff, Location, Food",
169,3,True,"Room, Staff, Location, Food",
170,1,True,"Staff, Food, Off",
170,2,True,"Staff, Food, Off",
170,3,True,"Staff, Food, Off",
171,1,True,"Staff, Location, Off",
171,2,True,"Staff, Location, Off",
171,3,True,"Staff, Location, Off",
172,1,True,"Staff, Off",
172,2,True,"Staff, Off",
172,3,True,"Staff, Off",
173,1,False,"Room, Staff, Off",'Price' is a required property
173,2,False,"Room, Staff, Off",'Price' is a required property
173,3,False,"Room, Staff, Off",'Price' is a required property
174,1,True,"Staff, Off",
174,2,True,"Staff, Off",
174,3,True,"Staff, Off",
175,1,True,Location,
175,2,True,Location,
175,3,True,Location,
176,1,True,Room,
176,2,True,Room,
176,3,True,Room,
177,1,True,"Staff, Location, Off",
177,2,True,"Staff, Location, Off",
177,3,True,"Staff, Location, Off",
178,1,True,"Staff, Off",
178,2,True,"Staff, Off",
178,3,True,"Staff, Off",
179,1,True,"Location, Off",
179,2,True,"Location, Off",
179,3,True,"Location, Off",
180,1,True,"Room, Staff, Food",
180,2,True,"Room, Staff, Food",
180,3,True,"Room, Staff, Food",
181,1,True,"Room, Staff, Off",
181,2,True,"Room, Staff, Off",
181,3,True,"Room, Staff, Off",
182,1,True,"Staff, Location, Off",
182,2,True,"Staff, Location, Off",
182,3,True,"Staff, Location, Off",
183,1,True,"Staff, Location, Food",
183,2,True,"Staff, Location, Food",
183,3,True,"Staff, Location, Food",
184,1,False,"Staff, Food",'Price' is a required property
184,2,False,"Staff, Food",'Price' is a required property
184,3,False,"Staff, Food",'Price' is a required property
185,1,False,"Staff, Location, Off",'Price' is a required property
185,2,False,"Staff, Location, Off",'Price' is a required property
185,3,False,"Staff, Location, Off",'Price' is a required property
186,1,True,Staff,
186,2,True,Staff,
186,3,True,Staff,
187,1,True,"Location, Off",
187,2,True,"Location, Off",
187,3,True,"Location, Off",
188,1,True,"Staff, Off",
188,2,True,"Staff, Off",
188,3,True,"Staff, Off",
189,1,True,"Room, Off",
189,2,True,"Room, Off",
189,3,True,"Room, Off",
190,1,True,"Room, Location, Food, Check-in, Check-out",
190,2,True,"Room, Location, Food, Check-in, Check-out",
190,3,True,"Room, Location, Food, Check-in, Check-out",
191,1,True,Location,
191,2,True,Location,
191,3,True,Location,
192,1,True,"Staff, Location, Off",
192,2,True,"Staff, Location, Off",
192,3,True,"Staff, Location, Off",
193,1,True,"Room, Staff, Location",
193,2,True,"Room, Staff, Location",
193,3,True,"Room, Staff, Location",
194,1,True,"Staff, Location, Off",
194,2,True,"Staff, Location, Off",
194,3,True,"Staff, Location, Off",
195,1,True,"Room, Off",
195,2,True,"Room, Off",
195,3,True,"Room, Off",
196,1,True,"Price, Off, Booking-issue",
196,2,True,"Price, Off, Booking-issue",
196,3,True,"Price, Off, Booking-issue",
197,1,True,"Location, Off",
197,2,True,"Location, Off",
197,3,True,"Location, Off",
198,1,True,"Staff, Food",
198,2,True,"Staff, Food",
198,3,True,"Staff, Food",
199,1,False,"Staff, Location, Off",'Price' is a required property
199,2,False,"Staff, Location, Off",'Price' is a required property
199,3,False,"Staff, Location, Off",'Price' is a required property
200,1,False,"Staff, Food, Off",'Price' is a required property
200,2,False,"Staff, Food, Off",'Price' is a required property
200,3,False,"Staff, Food, Off",'Price' is a required property
201,1,True,"Location, Off",
201,2,True,"Location, Off",
201,3,True,"Location, Off",
202,1,False,"Staff, Location, Off",'Price' is a required property
202,2,False,"Staff, Location, Off",'Price' is a required property
202,3,False,"Staff, Location, Off",'Price' is a required property
203,1,True,"Room, Staff, Price",
203,2,True,"Room, Staff, Price",
203,3,True,"Room, Staff, Price",
204,1,True,"Staff, Off",
204,2,True,"Staff, Off",
204,3,True,"Staff, Off",
205,1,True,"Location, Off",
205,2,True,"Location, Off",
205,3,True,"Location, Off",
206,1,True,"Location, Price, Off",
206,2,True,"Location, Price, Off",
206,3,True,"Location, Price, Off",
207,1,True,"Staff, Off",
207,2,True,"Staff, Off",
207,3,True,"Staff, Off",
208,1,False,"Location, Off",'Price' is a required property
208,2,False,"Location, Off",'Price' is a required property
208,3,False,"Location, Off",'Price' is a required property
209,1,False,"Room, Food",'Price' is a required property
209,2,False,"Room, Food",'Price' is a required property
209,3,False,"Room, Food",'Price' is a required property
210,1,True,"Staff, Location, Off",
210,2,True,"Staff, Location, Off",
210,3,True,"Staff, Location, Off",
211,1,True,"Staff, Location, Food",
211,2,True,"Staff, Location, Food",
211,3,True,"Staff, Location, Food",
212,1,True,"Staff, Price, Off",
212,2,True,"Staff, Price, Off",
212,3,True,"Staff, Price, Off",
213,1,False,"Staff, Food",'Price' is a required property
213,2,False,"Staff, Food",'Price' is a required property
213,3,False,"Staff, Food",'Price' is a required property
214,1,True,"Staff, Location, Check-in, Check-out",
214,2,True,"Staff, Location, Check-in, Check-out",
214,3,True,"Staff, Location, Check-in, Check-out",
215,1,True,"Staff, Off",
215,2,True,"Staff, Off",
215,3,True,"Staff, Off",
216,1,False,"Room, Facility, Off",'Price' is a required property
216,2,False,"Room, Facility, Off",'Price' is a required property
216,3,False,"Room, Facility, Off",'Price' is a required property
217,1,True,"Location, Off",
217,2,True,"Location, Off",
217,3,True,"Location, Off",
218,1,True,"Room, Location, Off",
218,2,True,"Room, Location, Off",
218,3,True,"Room, Location, Off",
219,1,False,"Room, Off",'Price' is a required property
219,2,False,"Room, Off",'Price' is a required property
219,3,False,"Room, Off",'Price' is a required property
220,1,True,"Room, Location, Check-in, Check-out",
220,2,True,"Room, Location, Check-in, Check-out",
220,3,True,"Room, Location, Check-in, Check-out",
221,1,True,"Room, Staff, Food, Off",
221,2,True,"Room, Staff, Food, Off",
221,3,True,"Room, Staff, Food, Off",
222,1,True,"Room, Off",
222,2,True,"Room, Off",
222,3,True,"Room, Off",
223,1,True,"Staff, Off",
223,2,True,"Staff, Off",
223,3,True,"Staff, Off",
224,1,True,"Staff, Off",
224,2,True,"Staff, Off",
224,3,True,"Staff, Off",
225,1,True,Off,
225,2,True,Off,
225,3,True,Off,
226,1,True,"Room, Staff, Off",
226,2,True,"Room, Staff, Off",
226,3,True,"Room, Staff, Off",
227,1,False,"Room, Location, Check-in, Check-out, Off",'Price' is a required property
227,2,False,"Room, Location, Check-in, Check-out, Off",'Price' is a required property
227,3,False,"Room, Location, Check-in, Check-out, Off",'Price' is a required property
228,1,True,"Room, Location, Off",
228,2,True,"Room, Location, Off",
228,3,True,"Room, Location, Off",
229,1,False,"Staff, Off",'Price' is a required property
229,2,False,"Staff, Off",'Price' is a required property
229,3,False,"Staff, Off",'Price' is a required property
230,1,True,"Location, Price, Off",
230,2,True,"Location, Price, Off",
230,3,True,"Location, Price, Off",
231,1,True,"Room, Staff, Location",
231,2,True,"Room, Staff, Location",
231,3,True,"Room, Staff, Location",
232,1,True,"Room, Location, Food, Price, Check-in, Check-out, Off",
232,2,True,"Room, Location, Food, Price, Check-in, Check-out, Off",
232,3,True,"Room, Location, Food, Price, Check-in, Check-out, Off",
233,1,True,"Room, Location, Food",
233,2,True,"Room, Location, Food",
233,3,True,"Room, Location, Food",
234,1,False,"Location, Off",'Price' is a required property
234,2,False,"Location, Off",'Price' is a required property
234,3,False,"Location, Off",'Price' is a required property
235,1,True,"Staff, Location, Off",
235,2,True,"Staff, Location, Off",
235,3,True,"Staff, Location, Off",
236,1,True,"Room, Location, Food, Facility, Off",
236,2,True,"Room, Location, Food, Facility, Off",
236,3,True,"Room, Location, Food, Facility, Off",
237,1,True,"Staff, Off",
237,2,True,"Staff, Off",
237,3,True,"Staff, Off",
238,1,True,"Room, Location",
238,2,True,"Room, Location",
238,3,True,"Room, Location",
239,1,True,"Room, Location",
239,2,True,"Room, Location",
239,3,True,"Room, Location",
240,1,True,"Room, Staff, Location, Off",
240,2,True,"Room, Staff, Location, Off",
240,3,True,"Room, Staff, Location, Off",
241,1,True,"Room, Staff, Location",
241,2,True,"Room, Staff, Location",
241,3,True,"Room, Staff, Location",
242,1,True,"Staff, Off",
242,2,True,"Staff, Off",
242,3,True,"Staff, Off",
243,1,True,"Staff, Location",
243,2,True,"Staff, Location",
243,3,True,"Staff, Location",
244,1,True,"Location, Off",
244,2,True,"Location, Off",
244,3,True,"Location, Off",
245,1,True,"Room, Staff, Food, Off",
245,2,True,"Room, Staff, Food, Off",
245,3,True,"Room, Staff, Food, Off",
246,1,True,"Room, Location, Food, Taxi-issue",
246,2,True,"Room, Location, Food, Taxi-issue",
246,3,True,"Room, Location, Food, Taxi-issue",
247,1,True,Location,
247,2,True,Location,
247,3,True,Location,
248,1,False,"Room, Staff, Off, Taxi-issue",'Price' is a required property
248,2,False,"Room, Staff, Off, Taxi-issue",'Price' is a required property
248,3,False,"Room, Staff, Off, Taxi-issue",'Price' is a required property
249,1,True,"Location, Off",
249,2,True,"Location, Off",
249,3,True,"Location, Off",
250,1,True,"Room, Staff, Location, Food, Booking-issue",
250,2,True,"Room, Staff, Location, Food, Booking-issue",
250,3,True,"Room, Staff, Location, Food, Booking-issue",
251,1,True,Staff,
251,2,True,Staff,
251,3,True,Staff,
252,1,True,"Room, Food",
252,2,True,"Room, Food",
252,3,True,"Room, Food",
253,1,False,"Staff, Off",'Price' is a required property
253,2,False,"Staff, Off",'Price' is a required property
253,3,False,"Staff, Off",'Price' is a required property
254,1,True,"Room, Staff, Location, Off",
254,2,True,"Room, Staff, Location, Off",
254,3,True,"Room, Staff, Location, Off",
255,1,True,"Room, Staff, Location",
255,2,True,"Room, Staff, Location",
255,3,True,"Room, Staff, Location",
256,1,True,"Room, Off",
256,2,True,"Room, Off",
256,3,True,"Room, Off",
257,1,True,"Staff, Location, Off",
257,2,True,"Staff, Location, Off",
257,3,True,"Staff, Location, Off",
258,1,True,"Staff, Food, Off",
258,2,True,"Staff, Food, Off",
258,3,True,"Staff, Food, Off",
259,1,True,"Staff, Location",
259,2,True,"Staff, Location",
259,3,True,"Staff, Location",
260,1,True,"Room, Staff, Location, Food",
260,2,True,"Room, Staff, Location, Food",
260,3,True,"Room, Staff, Location, Food",
261,1,False,"Staff, Off",'Price' is a required property
261,2,False,"Staff, Off",'Price' is a required property
261,3,False,"Staff, Off",'Price' is a required property
262,1,True,"Room, Staff, Location, Off",
262,2,True,"Room, Staff, Location, Off",
262,3,True,"Room, Staff, Location, Off",
263,1,False,Room,'Price' is a required property
263,2,False,Room,'Price' is a required property
263,3,False,Room,'Price' is a required property
264,1,True,"Room, Staff",
264,2,True,"Room, Staff",
264,3,True,"Room, Staff",
265,1,True,"Room, Staff, Location, Price, Off",
265,2,True,"Room, Staff, Location, Price, Off",
265,3,True,"Room, Staff, Location, Price, Off",
266,1,True,"Staff, Off",
266,2,True,"Staff, Off",
266,3,True,"Staff, Off",
267,1,False,"Staff, Off, Taxi-issue",'Price' is a required property
267,2,False,"Staff, Off, Taxi-issue",'Price' is a required property
267,3,False,"Staff, Off, Taxi-issue",'Price' is a required property
268,1,True,"Room, Staff, Location, Off",
268,2,True,"Room, Staff, Location, Off",
268,3,True,"Room, Staff, Location, Off",
269,1,True,"Staff, Off",
269,2,True,"Staff, Off",
269,3,True,"Staff, Off",
270,1,True,"Room, Staff, Off",
270,2,True,"Room, Staff, Off",
270,3,True,"Room, Staff, Off",
271,1,False,Location,'Price' is a required property
271,2,False,Location,'Price' is a required property
271,3,False,Location,'Price' is a required property
272,1,True,"Staff, Location, Food, Off",
272,2,True,"Staff, Location, Food, Off",
272,3,True,"Staff, Location, Food, Off",
273,1,True,"Staff, Location, Off",
273,2,True,"Staff, Location, Off",
273,3,True,"Staff, Location, Off",
274,1,True,"Staff, Check-in",
274,2,True,"Staff, Check-in",
274,3,True,"Staff, Check-in",
275,1,True,"Room, Staff",
275,2,True,"Room, Staff",
275,3,True,"Room, Staff",
276,1,True,"Staff, Location, Check-in",
276,2,True,"Staff, Location, Check-in",
276,3,True,"Staff, Location, Check-in",
277,1,True,Staff,
277,2,True,Staff,
277,3,True,Staff,
278,1,True,"Staff, Location, Food",
278,2,True,"Staff, Location, Food",
278,3,True,"Staff, Location, Food",
279,1,True,"Room, Location, Food",
279,2,True,"Room, Location, Food",
279,3,True,"Room, Location, Food",
280,1,True,"Room, Staff, Location, Off",
280,2,True,"Room, Staff, Location, Off",
280,3,True,"Room, Staff, Location, Off",
281,1,True,"Staff, Location, Off",
281,2,True,"Staff, Location, Off",
281,3,True,"Staff, Location, Off",
282,1,True,"Staff, Location, Food",
282,2,True,"Staff, Location, Food",
282,3,True,"Staff, Location, Food",
283,1,False,"Room, Staff, Off",'Price' is a required property
283,2,False,"Room, Staff, Off",'Price' is a required property
283,3,False,"Room, Staff, Off",'Price' is a required property
284,1,True,"Room, Staff, Location",
284,2,True,"Room, Staff, Location",
284,3,True,"Room, Staff, Location",
285,1,True,Room,
285,2,True,Room,
285,3,True,Room,
286,1,True,Location,
286,2,True,Location,
286,3,True,Location,
287,1,True,"Room, Price",
287,2,True,"Room, Price",
287,3,True,"Room, Price",
288,1,True,"Staff, Location, Food",
288,2,True,"Staff, Location, Food",
288,3,True,"Staff, Location, Food",
289,1,True,"Room, Location",
289,2,True,"Room, Location",
289,3,True,"Room, Location",
290,1,True,"Room, Staff, Location, Food, Price",
290,2,True,"Room, Staff, Location, Food, Price",
290,3,True,"Room, Staff, Location, Food, Price",
291,1,True,"Staff, Location",
291,2,True,"Staff, Location",
291,3,True,"Staff, Location",
292,1,True,Location,
292,2,True,Location,
292,3,True,Location,
293,1,True,Staff,
293,2,True,Staff,
293,3,True,Staff,
294,1,True,"Staff, Off",
294,2,True,"Staff, Off",
294,3,True,"Staff, Off",
295,1,True,"Room, Staff, Location, Food",
295,2,True,"Room, Staff, Location, Food",
295,3,True,"Room, Staff, Location, Food",
296,1,True,Off,
296,2,True,Off,
296,3,True,Off,
297,1,True,"Staff, Off",
297,2,True,"Staff, Off",
297,3,True,"Staff, Off",
298,1,True,"Room, Staff, Location",
298,2,True,"Room, Staff, Location",
298,3,True,"Room, Staff, Location",
299,1,True,"Room, Staff, Location",
299,2,True,"Room, Staff, Location",
299,3,True,"Room, Staff, Location",
300,1,False,"Room, Staff, Location, Food",'Price' is a required property
300,2,False,"Room, Staff, Location, Food",'Price' is a required property
300,3,False,"Room, Staff, Location, Food",'Price' is a required property
301,1,False,"Staff, Off",'Price' is a required property
301,2,False,"Staff, Off",'Price' is a required property
301,3,False,"Staff, Off",'Price' is a required property
302,1,True,"Location, Off",
302,2,True,"Location, Off",
302,3,True,"Location, Off",
303,1,True,"Room, Staff, Off",
303,2,True,"Room, Staff, Off",
303,3,True,"Room, Staff, Off",
304,1,True,"Room, Staff, Location",
304,2,True,"Room, Staff, Location",
304,3,True,"Room, Staff, Location",
305,1,True,"Staff, Off",
305,2,True,"Staff, Off",
305,3,True,"Staff, Off",
306,1,True,"Staff, Off",
306,2,True,"Staff, Off",
306,3,True,"Staff, Off",
307,1,True,"Room, Location, Price, Off, Taxi-issue",
307,2,True,"Room, Location, Price, Off, Taxi-issue",
307,3,True,"Room, Location, Price, Off, Taxi-issue",
308,1,True,"Staff, Off",
308,2,True,"Staff, Off",
308,3,True,"Staff, Off",
309,1,True,"Staff, Off",
309,2,True,"Staff, Off",
309,3,True,"Staff, Off",
310,1,True,"Staff, Location, Food, Check-in, Check-out",
310,2,True,"Staff, Location, Food, Check-in, Check-out",
310,3,True,"Staff, Location, Food, Check-in, Check-out",
311,1,False,"Staff, Off",'Price' is a required property
311,2,False,"Staff, Off",'Price' is a required property
311,3,False,"Staff, Off",'Price' is a required property
312,1,False,"Room, Staff, Location, Food",'Price' is a required property
312,2,False,"Room, Staff, Location, Food",'Price' is a required property
312,3,False,"Room, Staff, Location, Food",'Price' is a required property
313,1,True,"Staff, Location, Price",
313,2,True,"Staff, Location, Price",
313,3,True,"Staff, Location, Price",
314,1,True,"Staff, Location, Check-in, Check-out, Off",
314,2,True,"Staff, Location, Check-in, Check-out, Off",
314,3,True,"Staff, Location, Check-in, Check-out, Off",
315,1,True,"Staff, Off",
315,2,True,"Staff, Off",
315,3,True,"Staff, Off",
316,1,True,"Room, Staff, Location, Off",
316,2,True,"Room, Staff, Location, Off",
316,3,True,"Room, Staff, Location, Off",
317,1,True,"Food, Off",
317,2,True,"Food, Off",
317,3,True,"Food, Off",
318,1,True,"Room, Staff, Location",
318,2,True,"Room, Staff, Location",
318,3,True,"Room, Staff, Location",
319,1,True,"Room, Staff, Check-in",
319,2,True,"Room, Staff, Check-in",
319,3,True,"Room, Staff, Check-in",
320,1,False,"Room, Location, Off",'Price' is a required property
320,2,False,"Room, Location, Off",'Price' is a required property
320,3,False,"Room, Location, Off",'Price' is a required property
321,1,True,"Staff, Off",
321,2,True,"Staff, Off",
321,3,True,"Staff, Off",
322,1,True,"Room, Location, Check-in",
322,2,True,"Room, Location, Check-in",
322,3,True,"Room, Location, Check-in",
323,1,True,"Room, Staff, Location, Price, Off",
323,2,True,"Room, Staff, Location, Price, Off",
323,3,True,"Room, Staff, Location, Price, Off",
324,1,True,"Room, Staff, Location",
324,2,True,"Room, Staff, Location",
324,3,True,"Room, Staff, Location",
325,1,True,"Room, Staff, Location, Off",
325,2,True,"Room, Staff, Location, Off",
325,3,True,"Room, Staff, Location, Off",
326,1,True,Room,
326,2,True,Room,
326,3,True,Room,
327,1,False,"Staff, Location, Off",'Price' is a required property
327,2,False,"Staff, Location, Off",'Price' is a required property
327,3,False,"Staff, Location, Off",'Price' is a required property
328,1,True,"Room, Location",
328,2,True,"Room, Location",
328,3,True,"Room, Location",
329,1,True,"Location, Off",
329,2,True,"Location, Off",
329,3,True,"Location, Off",
330,1,True,"Staff, Food, Off",
330,2,True,"Staff, Food, Off",
330,3,True,"Staff, Food, Off",
331,1,True,"Staff, Off",
331,2,True,"Staff, Off",
331,3,True,"Staff, Off",
332,1,True,"Room, Staff, Price, Taxi-issue",
332,2,True,"Room, Staff, Price, Taxi-issue",
332,3,True,"Room, Staff, Price, Taxi-issue",
333,1,True,Food,
333,2,True,Food,
333,3,True,Food,
334,1,True,"Staff, Location, Price, Off",
334,2,True,"Staff, Location, Price, Off",
334,3,True,"Staff, Location, Price, Off",
335,1,True,"Staff, Off",
335,2,True,"Staff, Off",
335,3,True,"Staff, Off",
336,1,True,"Room, Staff, Food",
336,2,True,"Room, Staff, Food",
336,3,True,"Room, Staff, Food",
337,1,True,"Staff, Off",
337,2,True,"Staff, Off",
337,3,True,"Staff, Off",
338,1,True,"Room, Staff, Location, Price, Facility, Off",
338,2,True,"Room, Staff, Location, Price, Facility, Off",
338,3,True,"Room, Staff, Location, Price, Facility, Off",
339,1,True,"Room, Staff, Food, Off",
339,2,True,"Room, Staff, Food, Off",
339,3,True,"Room, Staff, Food, Off",
340,1,True,"Room, Location, Price",
340,2,True,"Room, Location, Price",
340,3,True,"Room, Location, Price",
341,1,True,"Staff, Location, Off",
341,2,True,"Staff, Location, Off",
341,3,True,"Staff, Location, Off",
342,1,False,"Staff, Off",'Price' is a required property
342,2,False,"Staff, Off",'Price' is a required property
342,3,False,"Staff, Off",'Price' is a required property
343,1,True,Staff,
343,2,True,Staff,
343,3,True,Staff,
344,1,True,"Room, Staff, Location, Off",
344,2,True,"Room, Staff, Location, Off",
344,3,True,"Room, Staff, Location, Off",
345,1,True,"Staff, Off",
345,2,True,"Staff, Off",
345,3,True,"Staff, Off",
346,1,True,"Staff, Off, Taxi-issue",
346,2,True,"Staff, Off, Taxi-issue",
346,3,True,"Staff, Off, Taxi-issue",
347,1,True,"Room, Staff, Location, Check-in",
347,2,True,"Room, Staff, Location, Check-in",
347,3,True,"Room, Staff, Location, Check-in",
348,1,True,"Staff, Location, Food",
348,2,True,"Staff, Location, Food",
348,3,True,"Staff, Location, Food",
349,1,True,"Room, Staff",
349,2,True,"Room, Staff",
349,3,True,"Room, Staff",
350,1,True,"Room, Staff, Location",
350,2,True,"Room, Staff, Location",
350,3,True,"Room, Staff, Location",
351,1,False,"Room, Location",'Price' is a required property
351,2,False,"Room, Location",'Price' is a required property
351,3,False,"Room, Location",'Price' is a required property
352,1,True,"Room, Off",
352,2,True,"Room, Off",
352,3,True,"Room, Off",
353,1,False,"Room, Staff, Location, Food",'Price' is a required property
353,2,False,"Room, Staff, Location, Food",'Price' is a required property
353,3,False,"Room, Staff, Location, Food",'Price' is a required property
354,1,True,"Staff, Off",
354,2,True,"Staff, Off",
354,3,True,"Staff, Off",
355,1,True,"Location, Food, Check-in, Check-out",
355,2,True,"Location, Food, Check-in, Check-out",
355,3,True,"Location, Food, Check-in, Check-out",
356,1,False,"Staff, Off",'Price' is a required property
356,2,False,"Staff, Off",'Price' is a required property
356,3,False,"Staff, Off",'Price' is a required property
357,1,True,"Staff, Off",
357,2,True,"Staff, Off",
357,3,True,"Staff, Off",
358,1,True,Location,
358,2,True,Location,
358,3,True,Location,
359,1,True,"Location, Off",
359,2,True,"Location, Off",
359,3,True,"Location, Off",
360,1,True,Off,
360,2,True,Off,
360,3,True,Off,
361,1,True,Location,
361,2,True,Location,
361,3,True,Location,
362,1,True,"Room, Staff, Food",
362,2,True,"Room, Staff, Food",
362,3,True,"Room, Staff, Food",
363,1,True,"Staff, Off",
363,2,True,"Staff, Off",
363,3,True,"Staff, Off",
364,1,False,"Staff, Location, Off",'Price' is a required property
364,2,False,"Staff, Location, Off",'Price' is a required property
364,3,False,"Staff, Location, Off",'Price' is a required property
365,1,True,"Room, Location, Check-in, Check-out, Off",
365,2,True,"Room, Location, Check-in, Check-out, Off",
365,3,True,"Room, Location, Check-in, Check-out, Off",
366,1,True,"Staff, Location, Food, Price, Off",
366,2,True,"Staff, Location, Food, Price, Off",
366,3,True,"Staff, Location, Food, Price, Off",
367,1,True,"Room, Staff, Off",
367,2,True,"Room, Staff, Off",
367,3,True,"Room, Staff, Off",
368,1,True,"Location, Off",
368,2,True,"Location, Off",
368,3,True,"Location, Off",
369,1,True,"Staff, Location, Food",
369,2,True,"Staff, Location, Food",
369,3,True,"Staff, Location, Food",
370,1,True,"Room, Location, Off",
370,2,True,"Room, Location, Off",
370,3,True,"Room, Location, Off",
371,1,True,"Staff, Off",
371,2,True,"Staff, Off",
371,3,True,"Staff, Off",
372,1,True,"Room, Location",
372,2,True,"Room, Location",
372,3,True,"Room, Location",
373,1,True,"Staff, Location, Food, Off",
373,2,True,"Staff, Location, Food, Off",
373,3,True,"Staff, Location, Food, Off",
374,1,False,"Room, Location",'Price' is a required property
374,2,False,"Room, Location",'Price' is a required property
374,3,False,"Room, Location",'Price' is a required property
375,1,False,"Room, Staff, Location, Food, Off",'Price' is a required property
375,2,False,"Room, Staff, Location, Food, Off",'Price' is a required property
375,3,False,"Room, Staff, Location, Food, Off",'Price' is a required property
376,1,True,"Room, Location, Food",
376,2,True,"Room, Location, Food",
376,3,True,"Room, Location, Food",
377,1,True,"Room, Staff, Location, Food",
377,2,True,"Room, Staff, Location, Food",
377,3,True,"Room, Staff, Location, Food",
378,1,True,"Room, Staff, Food",
378,2,True,"Room, Staff, Food",
378,3,True,"Room, Staff, Food",
379,1,True,"Room, Staff, Off, Taxi-issue",
379,2,True,"Room, Staff, Off, Taxi-issue",
379,3,True,"Room, Staff, Off, Taxi-issue",
380,1,True,"Room, Staff, Location, Food",
380,2,True,"Room, Staff, Location, Food",
380,3,True,"Room, Staff, Location, Food",
381,1,False,"Staff, Location, Off",'Price' is a required property
381,2,False,"Staff, Location, Off",'Price' is a required property
381,3,False,"Staff, Location, Off",'Price' is a required property
382,1,True,"Room, Staff, Location",
382,2,True,"Room, Staff, Location",
382,3,True,"Room, Staff, Location",
383,1,True,"Staff, Food, Facility",
383,2,True,"Staff, Food, Facility",
383,3,True,"Staff, Food, Facility",
384,1,True,"Room, Staff, Off",
384,2,True,"Room, Staff, Off",
384,3,True,"Room, Staff, Off",
385,1,True,"Staff, Off",
385,2,True,"Staff, Off",
385,3,True,"Staff, Off",
386,1,True,"Room, Staff",
386,2,True,"Room, Staff",
386,3,True,"Room, Staff",
387,1,True,"Room, Staff, Off",
387,2,True,"Room, Staff, Off",
387,3,True,"Room, Staff, Off",
388,1,True,"Staff, Location, Off",
388,2,True,"Staff, Location, Off",
388,3,True,"Staff, Location, Off",
389,1,True,"Staff, Location, Off",
389,2,True,"Staff, Location, Off",
389,3,True,"Staff, Location, Off",
390,1,True,"Staff, Off",
390,2,True,"Staff, Off",
390,3,True,"Staff, Off",
391,1,False,"Room, Location",'Price' is a required property
391,2,False,"Room, Location",'Price' is a required property
391,3,False,"Room, Location",'Price' is a required property
392,1,True,"Room, Staff, Location, Off",
392,2,True,"Room, Staff, Location, Off",
392,3,True,"Room, Staff, Location, Off",
393,1,True,"Room, Staff, Food, Price",
393,2,True,"Room, Staff, Food, Price",
393,3,True,"Room, Staff, Food, Price",
394,1,True,"Room, Staff, Location, Check-in",
394,2,True,"Room, Staff, Location, Check-in",
394,3,True,"Room, Staff, Location, Check-in",
395,1,True,"Location, Off",
395,2,True,"Location, Off",
395,3,True,"Location, Off",
396,1,True,"Room, Staff, Price",
396,2,True,"Room, Staff, Price",
396,3,True,"Room, Staff, Price",
397,1,True,Off,
397,2,True,Off,
397,3,True,Off,
398,1,True,"Room, Location, Off",
398,2,True,"Room, Location, Off",
398,3,True,"Room, Location, Off",
399,1,False,"Room, Staff, Check-in, Check-out, Off",'Price' is a required property
399,2,False,"Room, Staff, Check-in, Check-out, Off",'Price' is a required property
399,3,False,"Room, Staff, Check-in, Check-out, Off",'Price' is a required property
400,1,False,"Staff, Location, Off",'Price' is a required property
400,2,False,"Staff, Location, Off",'Price' is a required property
400,3,False,"Staff, Location, Off",'Price' is a required property
401,1,True,"Room, Staff",
401,2,True,"Room, Staff",
401,3,True,"Room, Staff",
402,1,True,"Room, Staff, Location",
402,2,True,"Room, Staff, Location",
402,3,True,"Room, Staff, Location",
403,1,False,"Staff, Food, Off",'Price' is a required property
403,2,False,"Staff, Food, Off",'Price' is a required property
403,3,False,"Staff, Food, Off",'Price' is a required property
404,1,True,"Room, Off",
404,2,True,"Room, Off",
404,3,True,"Room, Off",
405,1,False,"Room, Staff, Off",'Price' is a required property
405,2,False,"Room, Staff, Off",'Price' is a required property
405,3,False,"Room, Staff, Off",'Price' is a required property
406,1,True,"Room, Staff, Location",
406,2,True,"Room, Staff, Location",
406,3,True,"Room, Staff, Location",
407,1,True,"Room, Location, Food, Off",
407,2,True,"Room, Location, Food, Off",
407,3,True,"Room, Location, Food, Off",
408,1,True,"Staff, Off",
408,2,True,"Staff, Off",
408,3,True,"Staff, Off",
409,1,True,"Room, Staff, Food",
409,2,True,"Room, Staff, Food",
409,3,True,"Room, Staff, Food",
410,1,True,"Room, Staff, Location",
410,2,True,"Room, Staff, Location",
410,3,True,"Room, Staff, Location",
411,1,True,"Location, Off",
411,2,True,"Location, Off",
411,3,True,"Location, Off",
412,1,True,Room,
412,2,True,Room,
412,3,True,Room,
413,1,True,"Staff, Off",
413,2,True,"Staff, Off",
413,3,True,"Staff, Off",
414,1,True,"Room, Staff, Price",
414,2,True,"Room, Staff, Price",
414,3,True,"Room, Staff, Price",
415,1,True,"Room, Staff, Location, Food",
415,2,True,"Room, Staff, Location, Food",
415,3,True,"Room, Staff, Location, Food",
416,1,False,"Staff, Off",'Price' is a required property
416,2,False,"Staff, Off",'Price' is a required property
416,3,False,"Staff, Off",'Price' is a required property
417,1,True,"Room, Staff, Location",
417,2,True,"Room, Staff, Location",
417,3,True,"Room, Staff, Location",
418,1,True,"Staff, Food",
418,2,True,"Staff, Food",
418,3,True,"Staff, Food",
419,1,True,"Room, Staff, Location, Off",
419,2,True,"Room, Staff, Location, Off",
419,3,True,"Room, Staff, Location, Off",
420,1,True,"Location, Off",
420,2,True,"Location, Off",
420,3,True,"Location, Off",
421,1,False,"Staff, Location",'Price' is a required property
421,2,False,"Staff, Location",'Price' is a required property
421,3,False,"Staff, Location",'Price' is a required property
422,1,True,"Room, Staff, Location, Off",
422,2,True,"Room, Staff, Location, Off",
422,3,True,"Room, Staff, Location, Off",
423,1,True,"Room, Staff, Location, Price, Off",
423,2,True,"Room, Staff, Location, Price, Off",
423,3,True,"Room, Staff, Location, Price, Off",
424,1,True,"Room, Staff, Location, Food",
424,2,True,"Room, Staff, Location, Food",
424,3,True,"Room, Staff, Location, Food",
425,1,True,"Room, Location, Food, Booking-issue",
425,2,True,"Room, Location, Food, Booking-issue",
425,3,True,"Room, Location, Food, Booking-issue",
426,1,True,"Room, Off",
426,2,True,"Room, Off",
426,3,True,"Room, Off",
427,1,True,"Room, Staff, Off",
427,2,True,"Room, Staff, Off",
427,3,True,"Room, Staff, Off",
428,1,True,Staff,
428,2,True,Staff,
428,3,True,Staff,
429,1,False,"Room, Location",'Price' is a required property
429,2,False,"Room, Location",'Price' is a required property
429,3,False,"Room, Location",'Price' is a required property
430,1,True,"Staff, Off",
430,2,True,"Staff, Off",
430,3,True,"Staff, Off",
431,1,True,"Room, Location, Off",
431,2,True,"Room, Location, Off",
431,3,True,"Room, Location, Off",
432,1,False,"Location, Off",'Price' is a required property
432,2,False,"Location, Off",'Price' is a required property
432,3,False,"Location, Off",'Price' is a required property
433,1,True,"Room, Staff",
433,2,True,"Room, Staff",
433,3,True,"Room, Staff",
434,1,False,"Location, Off",'Price' is a required property
434,2,False,"Location, Off",'Price' is a required property
434,3,False,"Location, Off",'Price' is a required property
435,1,False,"Location, Off",'Price' is a required property
435,2,False,"Location, Off",'Price' is a required property
435,3,False,"Location, Off",'Price' is a required property
436,1,True,"Room, Location, Off",
436,2,True,"Room, Location, Off",
436,3,True,"Room, Location, Off",
437,1,True,"Room, Food, Price, Off",
437,2,True,"Room, Food, Price, Off",
437,3,True,"Room, Food, Price, Off",
438,1,True,"Room, Location, Off",
438,2,True,"Room, Location, Off",
438,3,True,"Room, Location, Off",
439,1,True,"Room, Location, Food",
439,2,True,"Room, Location, Food",
439,3,True,"Room, Location, Food",
440,1,True,"Room, Staff",
440,2,True,"Room, Staff",
440,3,True,"Room, Staff",
441,1,True,"Room, Location, Food",
441,2,True,"Room, Location, Food",
441,3,True,"Room, Location, Food",
442,1,True,"Room, Location, Food",
442,2,True,"Room, Location, Food",
442,3,True,"Room, Location, Food",
443,1,True,"Room, Staff, Off",
443,2,True,"Room, Staff, Off",
443,3,True,"Room, Staff, Off",
444,1,True,"Room, Staff, Off",
444,2,True,"Room, Staff, Off",
444,3,True,"Room, Staff, Off",
445,1,True,"Room, Location, Food",
445,2,True,"Room, Location, Food",
445,3,True,"Room, Location, Food",
446,1,False,"Location, Off",'Price' is a required property
446,2,False,"Location, Off",'Price' is a required property
446,3,False,"Location, Off",'Price' is a required property
447,1,True,Staff,
447,2,True,Staff,
447,3,True,Staff,
448,1,True,"Room, Staff, Location",
448,2,True,"Room, Staff, Location",
448,3,True,"Room, Staff, Location",
449,1,True,"Staff, Location, Off, Booking-issue, Taxi-issue",
449,2,True,"Staff, Location, Off, Booking-issue, Taxi-issue",
449,3,True,"Staff, Location, Off, Booking-issue, Taxi-issue",
450,1,True,"Room, Staff",
450,2,True,"Room, Staff",
450,3,True,"Room, Staff",
451,1,True,"Room, Location, Facility",
451,2,True,"Room, Location, Facility",
451,3,True,"Room, Location, Facility",
452,1,True,"Room, Staff, Location, Check-in, Check-out, Off",
452,2,True,"Room, Staff, Location, Check-in, Check-out, Off",
452,3,True,"Room, Staff, Location, Check-in, Check-out, Off",
453,1,True,"Room, Location, Check-in, Off",
453,2,True,"Room, Location, Check-in, Off",
453,3,True,"Room, Location, Check-in, Off",
454,1,True,"Location, Off",
454,2,True,"Location, Off",
454,3,True,"Location, Off",
455,1,True,"Room, Location, Off",
455,2,True,"Room, Location, Off",
455,3,True,"Room, Location, Off",
456,1,True,"Room, Staff, Location, Food, Booking-issue, Taxi-issue",
456,2,True,"Room, Staff, Location, Food, Booking-issue, Taxi-issue",
456,3,True,"Room, Staff, Location, Food, Booking-issue, Taxi-issue",
457,1,True,"Room, Location, Off",
457,2,True,"Room, Location, Off",
457,3,True,"Room, Location, Off",
458,1,True,"Location, Food, Off",
458,2,True,"Location, Food, Off",
458,3,True,"Location, Food, Off",
459,1,True,Room,
459,2,True,Room,
459,3,True,Room,
460,1,True,"Room, Staff, Location, Price",
460,2,True,"Room, Staff, Location, Price",
460,3,True,"Room, Staff, Location, Price",
461,1,True,"Staff, Location, Off",
461,2,True,"Staff, Location, Off",
461,3,True,"Staff, Location, Off",
462,1,False,"Location, Off",'Price' is a required property
462,2,False,"Location, Off",'Price' is a required property
462,3,False,"Location, Off",'Price' is a required property
463,1,True,"Staff, Off",
463,2,True,"Staff, Off",
463,3,True,"Staff, Off",
464,1,True,Room,
464,2,True,Room,
464,3,True,Room,
465,1,True,"Room, Location, Food, Off",
465,2,True,"Room, Location, Food, Off",
465,3,True,"Room, Location, Food, Off",
466,1,True,"Location, Off",
466,2,True,"Location, Off",
466,3,True,"Location, Off",
467,1,True,"Staff, Food, Off",
467,2,True,"Staff, Food, Off",
467,3,True,"Staff, Food, Off",
468,1,False,"Room, Staff",'Price' is a required property
468,2,False,"Room, Staff",'Price' is a required property
468,3,False,"Room, Staff",'Price' is a required property
469,1,True,"Room, Staff",
469,2,True,"Room, Staff",
469,3,True,"Room, Staff",
470,1,True,"Room, Staff, Off",
470,2,True,"Room, Staff, Off",
470,3,True,"Room, Staff, Off",
471,1,True,"Room, Staff, Price",
471,2,True,"Room, Staff, Price",
471,3,True,"Room, Staff, Price",
472,1,True,"Staff, Food, Off",
472,2,True,"Staff, Food, Off",
472,3,True,"Staff, Food, Off",
473,1,True,"Room, Staff, Off",
473,2,True,"Room, Staff, Off",
473,3,True,"Room, Staff, Off",
474,1,True,"Location, Food, Price",
474,2,True,"Location, Food, Price",
474,3,True,"Location, Food, Price",
475,1,True,Room,
475,2,True,Room,
475,3,True,Room,
476,1,True,"Room, Staff, Location, Off",
476,2,True,"Room, Staff, Location, Off",
476,3,True,"Room, Staff, Location, Off",
477,1,True,"Staff, Food, Off",
477,2,True,"Staff, Food, Off",
477,3,True,"Staff, Food, Off",
478,1,True,"Room, Staff, Location",
478,2,True,"Room, Staff, Location",
478,3,True,"Room, Staff, Location",
479,1,False,"Room, Staff, Location, Food",'Price' is a required property
479,2,False,"Room, Staff, Location, Food",'Price' is a required property
479,3,False,"Room, Staff, Location, Food",'Price' is a required property
480,1,True,"Staff, Off",
480,2,True,"Staff, Off",
480,3,True,"Staff, Off",
481,1,True,"Staff, Off",
481,2,True,"Staff, Off",
481,3,True,"Staff, Off",
482,1,False,"Room, Staff",'Price' is a required property
482,2,False,"Room, Staff",'Price' is a required property
482,3,False,"Room, Staff",'Price' is a required property
483,1,False,"Staff, Location",'Price' is a required property
483,2,False,"Staff, Location",'Price' is a required property
483,3,False,"Staff, Location",'Price' is a required property
484,1,True,"Room, Staff, Location, Food",
484,2,True,"Room, Staff, Location, Food",
484,3,True,"Room, Staff, Location, Food",
485,1,True,"Staff, Off",
485,2,True,"Staff, Off",
485,3,True,"Staff, Off",
486,1,True,Room,
486,2,True,Room,
486,3,True,Room,
487,1,True,Off,
487,2,True,Off,
487,3,True,Off,
488,1,True,"Staff, Off",
488,2,True,"Staff, Off",
488,3,True,"Staff, Off",
489,1,True,"Room, Staff, Location",
489,2,True,"Room, Staff, Location",
489,3,True,"Room, Staff, Location",
490,1,False,"Location, Food, Off",'Price' is a required property
490,2,False,"Location, Food, Off",'Price' is a required property
490,3,False,"Location, Food, Off",'Price' is a required property
491,1,True,"Room, Staff, Location",
491,2,True,"Room, Staff, Location",
491,3,True,"Room, Staff, Location",
492,1,True,"Room, Location",
492,2,True,"Room, Location",
492,3,True,"Room, Location",
493,1,True,"Staff, Off",
493,2,True,"Staff, Off",
493,3,True,"Staff, Off",
494,1,True,"Staff, Location, Off",
494,2,True,"Staff, Location, Off",
494,3,True,"Staff, Location, Off",
495,1,False,"Location, Off",'Price' is a required property
495,2,False,"Location, Off",'Price' is a required property
495,3,False,"Location, Off",'Price' is a required property
496,1,True,"Staff, Location, Food",
496,2,True,"Staff, Location, Food",
496,3,True,"Staff, Location, Food",
497,1,False,"Room, Staff, Location, Food, Off",'Price' is a required property
497,2,False,"Room, Staff, Location, Food, Off",'Price' is a required property
497,3,False,"Room, Staff, Location, Food, Off",'Price' is a required property
498,1,True,"Staff, Location, Off",
498,2,True,"Staff, Location, Off",
498,3,True,"Staff, Location, Off",
499,1,True,"Room, Staff, Location",
499,2,True,"Room, Staff, Location",
499,3,True,"Room, Staff, Location",
500,1,False,"Location, Off",'Price' is a required property
500,2,False,"Location, Off",'Price' is a required property
500,3,False,"Location, Off",'Price' is a required property
501,1,True,"Room, Location, Food",
501,2,True,"Room, Location, Food",
501,3,True,"Room, Location, Food",
502,1,True,"Staff, Off",
502,2,True,"Staff, Off",
502,3,True,"Staff, Off",
503,1,False,"Room, Staff, Off",'Price' is a required property
503,2,False,"Room, Staff, Off",'Price' is a required property
503,3,False,"Room, Staff, Off",'Price' is a required property
504,1,True,"Staff, Off",
504,2,True,"Staff, Off",
504,3,True,"Staff, Off",
505,1,True,"Room, Staff, Location, Food, Price",
505,2,True,"Room, Staff, Location, Food, Price",
505,3,True,"Room, Staff, Location, Food, Price",
506,1,True,"Room, Location, Facility, Off",
506,2,True,"Room, Location, Facility, Off",
506,3,True,"Room, Location, Facility, Off",
507,1,True,"Room, Staff",
507,2,True,"Room, Staff",
507,3,True,"Room, Staff",
508,1,True,"Staff, Off",
508,2,True,"Staff, Off",
508,3,True,"Staff, Off",
509,1,True,"Staff, Facility, Off",
509,2,True,"Staff, Facility, Off",
509,3,True,"Staff, Facility, Off",
510,1,True,"Room, Location, Price",
510,2,True,"Room, Location, Price",
510,3,True,"Room, Location, Price",
511,1,True,"Staff, Off",
511,2,True,"Staff, Off",
511,3,True,"Staff, Off",
512,1,True,"Room, Staff, Off",
512,2,True,"Room, Staff, Off",
512,3,True,"Room, Staff, Off",
513,1,True,"Room, Location, Check-in, Check-out",
513,2,True,"Room, Location, Check-in, Check-out",
513,3,True,"Room, Location, Check-in, Check-out",
514,1,False,"Staff, Off",'Price' is a required property
514,2,False,"Staff, Off",'Price' is a required property
514,3,False,"Staff, Off",'Price' is a required property
515,1,True,"Staff, Location",
515,2,True,"Staff, Location",
515,3,True,"Staff, Location",
516,1,True,Staff,
516,2,True,Staff,
516,3,True,Staff,
517,1,True,"Staff, Off",
517,2,True,"Staff, Off",
517,3,True,"Staff, Off",
518,1,False,"Location, Off",'Price' is a required property
518,2,False,"Location, Off",'Price' is a required property
518,3,False,"Location, Off",'Price' is a required property
519,1,False,"Staff, Location, Food",'Price' is a required property
519,2,False,"Staff, Location, Food",'Price' is a required property
519,3,False,"Staff, Location, Food",'Price' is a required property
521,1,True,"Room, Staff, Off",
521,2,True,"Room, Staff, Off",
521,3,True,"Room, Staff, Off",
522,1,True,Staff,
522,2,True,Staff,
522,3,True,Staff,
523,1,False,"Staff, Off",'Price' is a required property
523,2,False,"Staff, Off",'Price' is a required property
523,3,False,"Staff, Off",'Price' is a required property
524,1,True,"Staff, Location, Food, Price",
524,2,True,"Staff, Location, Food, Price",
524,3,True,"Staff, Location, Food, Price",
525,1,True,"Location, Off",
525,2,True,"Location, Off",
525,3,True,"Location, Off",
526,1,True,"Location, Off",
526,2,True,"Location, Off",
526,3,True,"Location, Off",
527,1,True,"Staff, Location, Price, Off",
527,2,True,"Staff, Location, Price, Off",
527,3,True,"Staff, Location, Price, Off",
528,1,True,"Room, Location, Off",
528,2,True,"Room, Location, Off",
528,3,True,"Room, Location, Off",
529,1,False,Staff,'Price' is a required property
529,2,False,Staff,'Price' is a required property
529,3,False,Staff,'Price' is a required property
530,1,False,"Staff, Location, Off",'Price' is a required property
530,2,False,"Staff, Location, Off",'Price' is a required property
530,3,False,"Staff, Location, Off",'Price' is a required property
531,1,True,"Room, Staff, Location, Off",
531,2,True,"Room, Staff, Location, Off",
531,3,True,"Room, Staff, Location, Off",
532,1,True,"Room, Location",
532,2,True,"Room, Location",
532,3,True,"Room, Location",
533,1,True,"Staff, Food, Off",
533,2,True,"Staff, Food, Off",
533,3,True,"Staff, Food, Off",
534,1,True,"Food, Off",
534,2,True,"Food, Off",
534,3,True,"Food, Off",
535,1,False,"Staff, Location, Off",'Price' is a required property
535,2,False,"Staff, Location, Off",'Price' is a required property
535,3,False,"Staff, Location, Off",'Price' is a required property
536,1,True,"Staff, Location, Food",
536,2,True,"Staff, Location, Food",
536,3,True,"Staff, Location, Food",
537,1,False,"Location, Off",'Price' is a required property
537,2,False,"Location, Off",'Price' is a required property
537,3,False,"Location, Off",'Price' is a required property
538,1,True,"Room, Location, Check-in, Check-out",
538,2,True,"Room, Location, Check-in, Check-out",
538,3,True,"Room, Location, Check-in, Check-out",
539,1,True,"Staff, Off",
539,2,True,"Staff, Off",
539,3,True,"Staff, Off",
540,1,False,"Location, Staff",'Room' is a required property; 'Food' is a required property
540,2,False,"Location, Staff",'Room' is a required property; 'Food' is a required property
540,3,False,"Location, Staff",'Room' is a required property; 'Food' is a required property
541,1,True,"Staff, Location",
541,2,True,"Staff, Location",
541,3,True,"Staff, Location",
542,1,True,"Room, Location, Off",
542,2,True,"Room, Location, Off",
542,3,True,"Room, Location, Off",
543,1,True,"Room, Location",
543,2,True,"Room, Location",
543,3,True,"Room, Location",
544,1,False,"Staff, Off",'Price' is a required property
544,2,False,"Staff, Off",'Price' is a required property
544,3,False,"Staff, Off",'Price' is a required property
545,1,True,"Food, Off",
545,2,True,"Food, Off",
545,3,True,"Food, Off",
546,1,True,"Location, Check-in, Check-out",
546,2,True,"Location, Check-in, Check-out",
546,3,True,"Location, Check-in, Check-out",
547,1,False,"Room, Location, Taxi-issue",'Price' is a required property
547,2,False,"Room, Location, Taxi-issue",'Price' is a required property
547,3,False,"Room, Location, Taxi-issue",'Price' is a required property
548,1,True,"Location, Food",
548,2,True,"Location, Food",
548,3,True,"Location, Food",
549,1,True,"Staff, Location",
549,2,True,"Staff, Location",
549,3,True,"Staff, Location",
550,1,False,"Room, Staff, Off",'Price' is a required property
550,2,False,"Room, Staff, Off",'Price' is a required property
550,3,False,"Room, Staff, Off",'Price' is a required property
551,1,False,"Staff, Location",'Price' is a required property
551,2,False,"Staff, Location",'Price' is a required property
551,3,False,"Staff, Location",'Price' is a required property
552,1,True,"Room, Location, Check-in",
552,2,True,"Room, Location, Check-in",
552,3,True,"Room, Location, Check-in",
553,1,True,"Room, Staff",
553,2,True,"Room, Staff",
553,3,True,"Room, Staff",
554,1,True,"Room, Location, Off",
554,2,True,"Room, Location, Off",
554,3,True,"Room, Location, Off",
555,1,True,"Room, Staff, Location",
555,2,True,"Room, Staff, Location",
555,3,True,"Room, Staff, Location",
556,1,True,"Room, Location, Price",
556,2,True,"Room, Location, Price",
556,3,True,"Room, Location, Price",
557,1,True,"Staff, Food, Price, Off",
557,2,True,"Staff, Food, Price, Off",
557,3,True,"Staff, Food, Price, Off",
558,1,True,"Staff, Location, Off",
558,2,True,"Staff, Location, Off",
558,3,True,"Staff, Location, Off",
559,1,True,"Location, Off",
559,2,True,"Location, Off",
559,3,True,"Location, Off",
560,1,True,"Staff, Location",
560,2,True,"Staff, Location",
560,3,True,"Staff, Location",
561,1,False,"Staff, Off",'Price' is a required property
561,2,False,"Staff, Off",'Price' is a required property
561,3,False,"Staff, Off",'Price' is a required property
562,1,True,"Room, Location, Off",
562,2,True,"Room, Location, Off",
562,3,True,"Room, Location, Off",
564,1,False,"Room, Staff, Check-in",'Price' is a required property
564,2,False,"Room, Staff, Check-in",'Price' is a required property
564,3,False,"Room, Staff, Check-in",'Price' is a required property
565,1,True,"Room, Staff, Location, Food",
565,2,True,"Room, Staff, Location, Food",
565,3,True,"Room, Staff, Location, Food",
566,1,True,"Staff, Location",
566,2,True,"Staff, Location",
566,3,True,"Staff, Location",
567,1,True,"Staff, Off",
567,2,True,"Staff, Off",
567,3,True,"Staff, Off",
568,1,True,"Location, Food, Off, Taxi-issue",
568,2,True,"Location, Food, Off, Taxi-issue",
568,3,True,"Location, Food, Off, Taxi-issue",
569,1,True,"Room, Staff, Location",
569,2,True,"Room, Staff, Location",
569,3,True,"Room, Staff, Location",
570,1,True,"Staff, Off",
570,2,True,"Staff, Off",
570,3,True,"Staff, Off",
571,1,True,"Room, Location, Food",
571,2,True,"Room, Location, Food",
571,3,True,"Room, Location, Food",
572,1,False,"Staff, Off",'Price' is a required property
572,2,False,"Staff, Off",'Price' is a required property
572,3,False,"Staff, Off",'Price' is a required property
573,1,True,Room,
573,2,True,Room,
573,3,True,Room,
574,1,True,Off,
574,2,True,Off,
574,3,True,Off,
575,1,True,"Staff, Off",
575,2,True,"Staff, Off",
575,3,True,"Staff, Off",
576,1,True,"Staff, Food",
576,2,True,"Staff, Food",
576,3,True,"Staff, Food",
577,1,True,"Location, Off",
577,2,True,"Location, Off",
577,3,True,"Location, Off",
578,1,True,"Room, Staff, Food, Check-in, Check-out, Taxi-issue",
578,2,True,"Room, Staff, Food, Check-in, Check-out, Taxi-issue",
578,3,True,"Room, Staff, Food, Check-in, Check-out, Taxi-issue",
579,1,True,Location,
579,2,True,Location,
579,3,True,Location,
580,1,False,"Staff, Off",'Price' is a required property
580,2,False,"Staff, Off",'Price' is a required property
580,3,False,"Staff, Off",'Price' is a required property
581,1,True,"Staff, Location, Price",
581,2,True,"Staff, Location, Price",
581,3,True,"Staff, Location, Price",
582,1,False,"Room, Staff, Off",'Price' is a required property
582,2,False,"Room, Staff, Off",'Price' is a required property
582,3,False,"Room, Staff, Off",'Price' is a required property
583,1,True,"Room, Off",
583,2,True,"Room, Off",
583,3,True,"Room, Off",
584,1,True,"Staff, Off",
584,2,True,"Staff, Off",
584,3,True,"Staff, Off",
585,1,True,"Staff, Off",
585,2,True,"Staff, Off",
585,3,True,"Staff, Off",
586,1,True,"Staff, Location",
586,2,True,"Staff, Location",
586,3,True,"Staff, Location",
587,1,True,"Staff, Location",
587,2,True,"Staff, Location",
587,3,True,"Staff, Location",
588,1,True,Location,
588,2,True,Location,
588,3,True,Location,
589,1,True,"Room, Staff, Location, Check-in, Off",
589,2,True,"Room, Staff, Location, Check-in, Off",
589,3,True,"Room, Staff, Location, Check-in, Off",
590,1,True,"Room, Staff, Location, Price, Off",
590,2,True,"Room, Staff, Location, Price, Off",
590,3,True,"Room, Staff, Location, Price, Off",
591,1,False,"Food, Off",'Price' is a required property
591,2,False,"Food, Off",'Price' is a required property
591,3,False,"Food, Off",'Price' is a required property
592,1,True,"Staff, Off",
592,2,True,"Staff, Off",
592,3,True,"Staff, Off",
593,1,True,"Food, Off",
593,2,True,"Food, Off",
593,3,True,"Food, Off",
594,1,True,"Staff, Location, Food, Check-in",
594,2,True,"Staff, Location, Food, Check-in",
594,3,True,"Staff, Location, Food, Check-in",
595,1,True,"Food, Price, Off",
595,2,True,"Food, Price, Off",
595,3,True,"Food, Price, Off",
596,1,True,"Room, Price",
596,2,True,"Room, Price",
596,3,True,"Room, Price",
597,1,True,"Room, Location, Food",
597,2,True,"Room, Location, Food",
597,3,True,"Room, Location, Food",
598,1,True,Staff,
598,2,True,Staff,
598,3,True,Staff,
599,1,False,"Room, Staff, Food",'Price' is a required property
599,2,False,"Room, Staff, Food",'Price' is a required property
599,3,False,"Room, Staff, Food",'Price' is a required property
600,1,True,"Room, Price, Off",
600,2,True,"Room, Price, Off",
600,3,True,"Room, Price, Off",
601,1,True,"Staff, Off",
601,2,True,"Staff, Off",
601,3,True,"Staff, Off",
602,1,True,"Staff, Location, Off",
602,2,True,"Staff, Location, Off",
602,3,True,"Staff, Location, Off",
603,1,False,"Room, Staff, Off",'Price' is a required property
603,2,False,"Room, Staff, Off",'Price' is a required property
603,3,False,"Room, Staff, Off",'Price' is a required property
604,1,True,"Location, Off",
604,2,True,"Location, Off",
604,3,True,"Location, Off",
605,1,False,"Staff, Off",'Price' is a required property
605,2,False,"Staff, Off",'Price' is a required property
605,3,False,"Staff, Off",'Price' is a required property
606,1,False,"Staff, Check-in, Check-out, Off",'Price' is a required property
606,2,False,"Staff, Check-in, Check-out, Off",'Price' is a required property
606,3,False,"Staff, Check-in, Check-out, Off",'Price' is a required property
607,1,True,"Room, Staff, Location",
607,2,True,"Room, Staff, Location",
607,3,True,"Room, Staff, Location",
608,1,True,Room,
608,2,True,Room,
608,3,True,Room,
609,1,True,"Room, Price",
609,2,True,"Room, Price",
609,3,True,"Room, Price",
610,1,True,"Location, Food",
610,2,True,"Location, Food",
610,3,True,"Location, Food",
611,1,True,"Room, Staff, Location, Food, Price",
611,2,True,"Room, Staff, Location, Food, Price",
611,3,True,"Room, Staff, Location, Food, Price",
612,1,True,"Room, Staff, Location",
612,2,True,"Room, Staff, Location",
612,3,True,"Room, Staff, Location",
613,1,True,"Room, Staff, Food",
613,2,True,"Room, Staff, Food",
613,3,True,"Room, Staff, Food",
614,1,True,"Room, Staff, Location",
614,2,True,"Room, Staff, Location",
614,3,True,"Room, Staff, Location",
615,1,True,"Staff, Location, Off, Taxi-issue",
615,2,True,"Staff, Location, Off, Taxi-issue",
615,3,True,"Staff, Location, Off, Taxi-issue",
616,1,True,"Staff, Location, Off",
616,2,True,"Staff, Location, Off",
616,3,True,"Staff, Location, Off",
617,1,True,"Staff, Location, Off",
617,2,True,"Staff, Location, Off",
617,3,True,"Staff, Location, Off",
618,1,False,Location,'Price' is a required property
618,2,False,Location,'Price' is a required property
618,3,False,Location,'Price' is a required property
619,1,True,"Staff, Location, Price, Off",
619,2,True,"Staff, Location, Price, Off",
619,3,True,"Staff, Location, Price, Off",
620,1,True,"Room, Staff, Location, Booking-issue",
620,2,True,"Room, Staff, Location, Booking-issue",
620,3,True,"Room, Staff, Location, Booking-issue",
621,1,True,"Staff, Food, Off",
621,2,True,"Staff, Food, Off",
621,3,True,"Staff, Food, Off",
622,1,True,"Room, Staff",
622,2,True,"Room, Staff",
622,3,True,"Room, Staff",
623,1,False,Location,'Price' is a required property
623,2,False,Location,'Price' is a required property
623,3,False,Location,'Price' is a required property
624,1,False,"Room, Staff, Off",'Price' is a required property
624,2,False,"Room, Staff, Off",'Price' is a required property
624,3,False,"Room, Staff, Off",'Price' is a required property
625,1,True,"Location, Off",
625,2,True,"Location, Off",
625,3,True,"Location, Off",
626,1,True,"Room, Staff, Food",
626,2,True,"Room, Staff, Food",
626,3,True,"Room, Staff, Food",
627,1,True,"Staff, Location, Off, Taxi-issue",
627,2,True,"Staff, Location, Off, Taxi-issue",
627,3,True,"Staff, Location, Off, Taxi-issue",
628,1,True,"Room, Staff, Location",
628,2,True,"Room, Staff, Location",
628,3,True,"Room, Staff, Location",
629,1,True,"Staff, Location, Off, Taxi-issue",
629,2,True,"Staff, Location, Off, Taxi-issue",
629,3,True,"Staff, Location, Off, Taxi-issue",
630,1,True,Staff,
630,2,True,Staff,
630,3,True,Staff,
631,1,True,"Room, Price, Off",
631,2,True,"Room, Price, Off",
631,3,True,"Room, Price, Off",
632,1,True,"Room, Location, Check-in, Check-out",
632,2,True,"Room, Location, Check-in, Check-out",
632,3,True,"Room, Location, Check-in, Check-out",
633,1,True,"Staff, Location, Check-in, Off",
633,2,True,"Staff, Location, Check-in, Off",
633,3,True,"Staff, Location, Check-in, Off",
634,1,True,"Staff, Off",
634,2,True,"Staff, Off",
634,3,True,"Staff, Off",
635,1,True,"Staff, Location, Off",
635,2,True,"Staff, Location, Off",
635,3,True,"Staff, Location, Off",
636,1,True,"Staff, Food",
636,2,True,"Staff, Food",
636,3,True,"Staff, Food",
637,1,True,"Staff, Location, Off",
637,2,True,"Staff, Location, Off",
637,3,True,"Staff, Location, Off",
638,1,True,"Room, Staff, Location",
638,2,True,"Room, Staff, Location",
638,3,True,"Room, Staff, Location",
639,1,True,"Room, Check-in, Check-out",
639,2,True,"Room, Check-in, Check-out",
639,3,True,"Room, Check-in, Check-out",
640,1,False,"Staff, Off",'Price' is a required property
640,2,False,"Staff, Off",'Price' is a required property
640,3,False,"Staff, Off",'Price' is a required property
641,1,True,"Room, Staff",
641,2,True,"Room, Staff",
641,3,True,"Room, Staff",
642,1,False,"Staff, Location, Food, Off",'Price' is a required property
642,2,False,"Staff, Location, Food, Off",'Price' is a required property
642,3,False,"Staff, Location, Food, Off",'Price' is a required property
643,1,True,"Room, Food, Price",
643,2,True,"Room, Food, Price",
643,3,True,"Room, Food, Price",
644,1,True,"Room, Location",
644,2,True,"Room, Location",
644,3,True,"Room, Location",
645,1,True,"Price, Off",
645,2,True,"Price, Off",
645,3,True,"Price, Off",
646,1,True,"Room, Location, Food, Price",
646,2,True,"Room, Location, Food, Price",
646,3,True,"Room, Location, Food, Price",
647,1,False,"Staff, Off",'Price' is a required property
647,2,False,"Staff, Off",'Price' is a required property
647,3,False,"Staff, Off",'Price' is a required property
648,1,True,"Staff, Location, Off",
648,2,True,"Staff, Location, Off",
648,3,True,"Staff, Location, Off",
649,1,True,"Room, Staff, Location, Off",
649,2,True,"Room, Staff, Location, Off",
649,3,True,"Room, Staff, Location, Off",
650,1,True,"Room, Staff, Location, Off",
650,2,True,"Room, Staff, Location, Off",
650,3,True,"Room, Staff, Location, Off",
651,1,True,Staff,
651,2,True,Staff,
651,3,True,Staff,
652,1,True,"Room, Location, Check-in, Check-out, Off",
652,2,True,"Room, Location, Check-in, Check-out, Off",
652,3,True,"Room, Location, Check-in, Check-out, Off",
653,1,True,"Room, Staff, Location, Off",
653,2,True,"Room, Staff, Location, Off",
653,3,True,"Room, Staff, Location, Off",
654,1,True,"Room, Staff, Location, Off",
654,2,True,"Room, Staff, Location, Off",
654,3,True,"Room, Staff, Location, Off",
655,1,True,"Room, Location, Off",
655,2,True,"Room, Location, Off",
655,3,True,"Room, Location, Off",
656,1,True,"Room, Staff",
656,2,True,"Room, Staff",
656,3,True,"Room, Staff",
657,1,True,"Room, Staff",
657,2,True,"Room, Staff",
657,3,True,"Room, Staff",
658,1,True,"Staff, Food, Off",
658,2,True,"Staff, Food, Off",
658,3,True,"Staff, Food, Off",
659,1,False,"Room, Staff",'Price' is a required property
659,2,False,"Room, Staff",'Price' is a required property
659,3,False,"Room, Staff",'Price' is a required property
660,1,True,"Room, Location, Food, Check-in, Check-out",
660,2,True,"Room, Location, Food, Check-in, Check-out",
660,3,True,"Room, Location, Food, Check-in, Check-out",
661,1,True,"Room, Location",
661,2,True,"Room, Location",
661,3,True,"Room, Location",
662,1,True,"Staff, Location",
662,2,True,"Staff, Location",
662,3,True,"Staff, Location",
663,1,False,"Location, Food, Off",'Price' is a required property
663,2,False,"Location, Food, Off",'Price' is a required property
663,3,False,"Location, Food, Off",'Price' is a required property
664,1,False,"Room, Staff, Off",'Price' is a required property
664,2,False,"Room, Staff, Off",'Price' is a required property
664,3,False,"Room, Staff, Off",'Price' is a required property
665,1,True,"Staff, Location, Food",
665,2,True,"Staff, Location, Food",
665,3,True,"Staff, Location, Food",
666,1,True,"Staff, Location, Off, Taxi-issue",
666,2,True,"Staff, Location, Off, Taxi-issue",
666,3,True,"Staff, Location, Off, Taxi-issue",
667,1,True,"Room, Staff, Location",
667,2,True,"Room, Staff, Location",
667,3,True,"Room, Staff, Location",
668,1,False,"Location, Off",'Price' is a required property
668,2,False,"Location, Off",'Price' is a required property
668,3,False,"Location, Off",'Price' is a required property
669,1,True,"Room, Food, Check-in",
669,2,True,"Room, Food, Check-in",
669,3,True,"Room, Food, Check-in",
670,1,True,"Room, Location",
670,2,True,"Room, Location",
670,3,True,"Room, Location",
671,1,True,"Location, Off",
671,2,True,"Location, Off",
671,3,True,"Location, Off",
672,1,True,Food,
672,2,True,Food,
672,3,True,Food,
673,1,True,"Staff, Location, Food",
673,2,True,"Staff, Location, Food",
673,3,True,"Staff, Location, Food",
674,1,True,Staff,
674,2,True,Staff,
674,3,True,Staff,
675,1,True,"Room, Facility",
675,2,True,"Room, Facility",
675,3,True,"Room, Facility",
676,1,True,"Room, Location",
676,2,True,"Room, Location",
676,3,True,"Room, Location",
677,1,True,"Staff, Location, Off",
677,2,True,"Staff, Location, Off",
677,3,True,"Staff, Location, Off",
678,1,True,Location,
678,2,True,Location,
678,3,True,Location,
679,1,False,"Room, Staff",'Price' is a required property
679,2,False,"Room, Staff",'Price' is a required property
679,3,False,"Room, Staff",'Price' is a required property
680,1,True,"Staff, Location",
680,2,True,"Staff, Location",
680,3,True,"Staff, Location",
681,1,True,"Staff, Location",
681,2,True,"Staff, Location",
681,3,True,"Staff, Location",
682,1,True,Location,
682,2,True,Location,
682,3,True,Location,
683,1,True,"Staff, Off",
683,2,True,"Staff, Off",
683,3,True,"Staff, Off",
684,1,False,"Staff, Off",'Price' is a required property
684,2,False,"Staff, Off",'Price' is a required property
684,3,False,"Staff, Off",'Price' is a required property
685,1,True,"Staff, Location, Food, Price",
685,2,True,"Staff, Location, Food, Price",
685,3,True,"Staff, Location, Food, Price",
686,1,True,"Room, Staff, Off",
686,2,True,"Room, Staff, Off",
686,3,True,"Room, Staff, Off",
687,1,True,"Staff, Location, Food",
687,2,True,"Staff, Location, Food",
687,3,True,"Staff, Location, Food",
688,1,True,"Staff, Location, Off",
688,2,True,"Staff, Location, Off",
688,3,True,"Staff, Location, Off",
689,1,False,"Staff, Off, Taxi-issue",'Price' is a required property
689,2,False,"Staff, Off, Taxi-issue",'Price' is a required property
689,3,False,"Staff, Off, Taxi-issue",'Price' is a required property
690,1,True,Location,
690,2,True,Location,
690,3,True,Location,
691,1,True,"Staff, Off",
691,2,True,"Staff, Off",
691,3,True,"Staff, Off",
692,1,True,"Staff, Off",
692,2,True,"Staff, Off",
692,3,True,"Staff, Off",
693,1,True,"Room, Location, Food, Facility, Booking-issue, Taxi-issue",
693,2,True,"Room, Location, Food, Facility, Booking-issue, Taxi-issue",
693,3,True,"Room, Location, Food, Facility, Booking-issue, Taxi-issue",
694,1,True,"Room, Location, Price",
694,2,True,"Room, Location, Price",
694,3,True,"Room, Location, Price",
695,1,False,"Room, Staff, Off",'Price' is a required property
695,2,False,"Room, Staff, Off",'Price' is a required property
695,3,False,"Room, Staff, Off",'Price' is a required property
696,1,False,"Location, Food",'Price' is a required property
696,2,False,"Location, Food",'Price' is a required property
696,3,False,"Location, Food",'Price' is a required property
697,1,False,"Room, Staff, Off",'Price' is a required property
697,2,False,"Room, Staff, Off",'Price' is a required property
697,3,False,"Room, Staff, Off",'Price' is a required property
698,1,True,"Staff, Location",
698,2,True,"Staff, Location",
698,3,True,"Staff, Location",
699,1,True,Staff,
699,2,True,Staff,
699,3,True,Staff,
700,1,True,"Room, Location",
700,2,True,"Room, Location",
700,3,True,"Room, Location",
701,1,True,"Staff, Location",
701,2,True,"Staff, Location",
701,3,True,"Staff, Location",
702,1,True,"Room, Staff, Food",
702,2,True,"Room, Staff, Food",
702,3,True,"Room, Staff, Food",
703,1,True,"Room, Staff, Food, Off",
703,2,True,"Room, Staff, Food, Off",
703,3,True,"Room, Staff, Food, Off",
704,1,True,"Staff, Location, Off",
704,2,True,"Staff, Location, Off",
704,3,True,"Staff, Location, Off",
705,1,True,"Staff, Food",
705,2,True,"Staff, Food",
705,3,True,"Staff, Food",
706,1,True,Location,
706,2,True,Location,
706,3,True,Location,
707,1,True,Room,
707,2,True,Room,
707,3,True,Room,
708,1,True,"Staff, Location, Off",
708,2,True,"Staff, Location, Off",
708,3,True,"Staff, Location, Off",
709,1,False,"Staff, Off",'Price' is a required property
709,2,False,"Staff, Off",'Price' is a required property
709,3,False,"Staff, Off",'Price' is a required property
710,1,True,"Staff, Food",
710,2,True,"Staff, Food",
710,3,True,"Staff, Food",
711,1,False,"Room, Staff, Check-in, Check-out",'Price' is a required property
711,2,False,"Room, Staff, Check-in, Check-out",'Price' is a required property
711,3,False,"Room, Staff, Check-in, Check-out",'Price' is a required property
712,1,True,Room,
712,2,True,Room,
712,3,True,Room,
713,1,True,Location,
713,2,True,Location,
713,3,True,Location,
714,1,True,"Staff, Off",
714,2,True,"Staff, Off",
714,3,True,"Staff, Off",
715,1,True,"Staff, Price, Off",
715,2,True,"Staff, Price, Off",
715,3,True,"Staff, Price, Off",
716,1,True,"Room, Staff",
716,2,True,"Room, Staff",
716,3,True,"Room, Staff",
717,1,True,"Staff, Off",
717,2,True,"Staff, Off",
717,3,True,"Staff, Off",
718,1,True,"Staff, Location",
718,2,True,"Staff, Location",
718,3,True,"Staff, Location",
719,1,True,"Room, Location",
719,2,True,"Room, Location",
719,3,True,"Room, Location",
720,1,True,"Room, Off",
720,2,True,"Room, Off",
720,3,True,"Room, Off",
721,1,True,"Staff, Off",
721,2,True,"Staff, Off",
721,3,True,"Staff, Off",
722,1,False,"Room, Staff, Location, Food",'Price' is a required property
722,2,False,"Room, Staff, Location, Food",'Price' is a required property
722,3,False,"Room, Staff, Location, Food",'Price' is a required property
723,1,True,Off,
723,2,True,Off,
723,3,True,Off,
724,1,True,"Location, Off",
724,2,True,"Location, Off",
724,3,True,"Location, Off",
725,1,True,"Staff, Off",
725,2,True,"Staff, Off",
725,3,True,"Staff, Off",
726,1,True,"Room, Staff, Location, Off",
726,2,True,"Room, Staff, Location, Off",
726,3,True,"Room, Staff, Location, Off",
727,1,True,"Room, Staff, Location, Off",
727,2,True,"Room, Staff, Location, Off",
727,3,True,"Room, Staff, Location, Off",
728,1,True,"Location, Off",
728,2,True,"Location, Off",
728,3,True,"Location, Off",
729,1,True,"Staff, Food, Off",
729,2,True,"Staff, Food, Off",
729,3,True,"Staff, Food, Off",
730,1,True,Location,
730,2,True,Location,
730,3,True,Location,
731,1,True,"Room, Staff, Off",
731,2,True,"Room, Staff, Off",
731,3,True,"Room, Staff, Off",
732,1,True,"Staff, Location",
732,2,True,"Staff, Location",
732,3,True,"Staff, Location",
733,1,True,"Staff, Location",
733,2,True,"Staff, Location",
733,3,True,"Staff, Location",
734,1,True,"Staff, Location, Off",
734,2,True,"Staff, Location, Off",
734,3,True,"Staff, Location, Off",
735,1,False,"Staff, Location, Food, Off",'Price' is a required property
735,2,False,"Staff, Location, Food, Off",'Price' is a required property
735,3,False,"Staff, Location, Food, Off",'Price' is a required property
736,1,True,Staff,
736,2,True,Staff,
736,3,True,Staff,
737,1,False,"Location, Food, Off",'Price' is a required property
737,2,False,"Location, Food, Off",'Price' is a required property
737,3,False,"Location, Food, Off",'Price' is a required property
738,1,True,"Room, Staff, Food, Off",
738,2,True,"Room, Staff, Food, Off",
738,3,True,"Room, Staff, Food, Off",
739,1,True,"Room, Staff, Location, Price",
739,2,True,"Room, Staff, Location, Price",
739,3,True,"Room, Staff, Location, Price",
740,1,True,"Location, Off",
740,2,True,"Location, Off",
740,3,True,"Location, Off",
741,1,False,"Location, Off",'Price' is a required property
741,2,False,"Location, Off",'Price' is a required property
741,3,False,"Location, Off",'Price' is a required property
742,1,True,Room,
742,2,True,Room,
742,3,True,Room,
743,1,True,Room,
743,2,True,Room,
743,3,True,Room,
744,1,True,"Room, Location",
744,2,True,"Room, Location",
744,3,True,"Room, Location",
745,1,True,"Staff, Food",
745,2,True,"Staff, Food",
745,3,True,"Staff, Food",
746,1,True,"Room, Staff, Booking-issue",
746,2,True,"Room, Staff, Booking-issue",
746,3,True,"Room, Staff, Booking-issue",
747,1,True,Room,
747,2,True,Room,
747,3,True,Room,
748,1,True,Location,
748,2,True,Location,
748,3,True,Location,
749,1,True,"Room, Location",
749,2,True,"Room, Location",
749,3,True,"Room, Location",
750,1,True,"Staff, Location, Off",
750,2,True,"Staff, Location, Off",
750,3,True,"Staff, Location, Off",
751,1,True,Room,
751,2,True,Room,
751,3,True,Room,
752,1,False,Room,'Price' is a required property
752,2,False,Room,'Price' is a required property
752,3,False,Room,'Price' is a required property
753,1,False,Room,'Price' is a required property
753,2,False,Room,'Price' is a required property
753,3,False,Room,'Price' is a required property
754,1,True,"Location, Price, Off",
754,2,True,"Location, Price, Off",
754,3,True,"Location, Price, Off",
755,1,True,"Staff, Off",
755,2,True,"Staff, Off",
755,3,True,"Staff, Off",
756,1,False,"Location, Food",'Price' is a required property
756,2,False,"Location, Food",'Price' is a required property
756,3,False,"Location, Food",'Price' is a required property
757,1,False,"Food, Facility, Off",'Price' is a required property
757,2,False,"Food, Facility, Off",'Price' is a required property
757,3,False,"Food, Facility, Off",'Price' is a required property
758,1,True,"Room, Staff",
758,2,True,"Room, Staff",
758,3,True,"Room, Staff",
759,1,True,Room,
759,2,True,Room,
759,3,True,Room,
760,1,False,Location,'Price' is a required property
760,2,False,Location,'Price' is a required property
760,3,False,Location,'Price' is a required property
761,1,True,Room,
761,2,True,Room,
761,3,True,Room,
762,1,False,"Staff, Location",'Price' is a required property
762,2,False,"Staff, Location",'Price' is a required property
762,3,False,"Staff, Location",'Price' is a required property
763,1,True,"Room, Off",
763,2,True,"Room, Off",
763,3,True,"Room, Off",
764,1,True,"Room, Off",
764,2,True,"Room, Off",
764,3,True,"Room, Off",
765,1,True,Room,
765,2,True,Room,
765,3,True,Room,
766,1,True,Room,
766,2,True,Room,
766,3,True,Room,
767,1,True,"Room, Location, Price",
767,2,True,"Room, Location, Price",
767,3,True,"Room, Location, Price",
768,1,True,"Room, Location, Facility",
768,2,True,"Room, Location, Facility",
768,3,True,"Room, Location, Facility",
769,1,True,"Staff, Location, Off",
769,2,True,"Staff, Location, Off",
769,3,True,"Staff, Location, Off",
770,1,True,"Staff, Price",
770,2,True,"Staff, Price",
770,3,True,"Staff, Price",
771,1,True,"Staff, Location, Food",
771,2,True,"Staff, Location, Food",
771,3,True,"Staff, Location, Food",
772,1,False,"Facility, Off",'Price' is a required property
772,2,False,"Facility, Off",'Price' is a required property
772,3,False,"Facility, Off",'Price' is a required property
773,1,True,"Room, Location, Off",
773,2,True,"Room, Location, Off",
773,3,True,"Room, Location, Off",
774,1,True,"Room, Staff, Location",
774,2,True,"Room, Staff, Location",
774,3,True,"Room, Staff, Location",
775,1,True,"Staff, Price, Check-in, Off",
775,2,True,"Staff, Price, Check-in, Off",
775,3,True,"Staff, Price, Check-in, Off",
776,1,False,Location,'Price' is a required property
776,2,False,Location,'Price' is a required property
776,3,False,Location,'Price' is a required property
777,1,True,"Room, Staff, Food",
777,2,True,"Room, Staff, Food",
777,3,True,"Room, Staff, Food",
778,1,True,"Staff, Location, Price, Check-in, Off",
778,2,True,"Staff, Location, Price, Check-in, Off",
778,3,True,"Staff, Location, Price, Check-in, Off",
779,1,True,"Room, Staff, Location, Check-in, Off",
779,2,True,"Room, Staff, Location, Check-in, Off",
779,3,True,"Room, Staff, Location, Check-in, Off",
780,1,True,"Room, Location",
780,2,True,"Room, Location",
780,3,True,"Room, Location",
781,1,False,"Room, Staff, Food",'Price' is a required property
781,2,False,"Room, Staff, Food",'Price' is a required property
781,3,False,"Room, Staff, Food",'Price' is a required property
782,1,True,"Room, Food",
782,2,True,"Room, Food",
782,3,True,"Room, Food",
783,1,True,"Staff, Off",
783,2,True,"Staff, Off",
783,3,True,"Staff, Off",
784,1,True,"Room, Staff, Location, Off",
784,2,True,"Room, Staff, Location, Off",
784,3,True,"Room, Staff, Location, Off",
785,1,True,"Staff, Off",
785,2,True,"Staff, Off",
785,3,True,"Staff, Off",
2484,1,True,"Location, Off",
2484,2,True,"Location, Off",
2484,3,True,"Location, Off",
