Review ID,Run,Valid,Topics Present,Errors
1,1,True,"Room, Staff, Location, Food, Off",
1,2,True,"Room, Staff, Location, Food, Off",
1,3,True,"Room, Staff, Location, Food, Off",
2,1,True,"Room, Staff, Food",
2,2,True,"Room, Staff, Food",
2,3,True,"Room, Staff, Food",
3,1,True,Location,
3,2,True,Location,
3,3,True,Location,
4,1,True,Price,
4,2,True,Price,
4,3,True,Price,
5,1,True,"Room, Location",
5,2,True,"Room, Location",
5,3,True,"Room, Location",
6,1,True,Room,
6,2,True,Room,
6,3,True,Room,
7,1,True,Off,
7,2,True,Off,
7,3,True,Off,
8,1,True,"Staff, Location, Facility, Off",
8,2,True,"Staff, Location, Facility, Off",
8,3,True,"Staff, Location, Facility, Off",
9,1,True,"Staff, Location, Food, Taxi-issue",
9,2,True,"Food, Taxi-issue",
9,3,True,"Food, Taxi-issue",
10,1,True,"Room, Location",
10,2,True,"Room, Location",
10,3,True,"Room, Location",
11,1,True,"Room, Staff, Location, Food, Price",
11,2,True,"Room, Staff, Location, Food, Price",
11,3,True,"Room, Staff, Location, Food, Price",
12,1,True,"Staff, Food",
12,2,True,"Staff, Food",
12,3,True,"Staff, Food",
13,1,True,"Room, Staff, Location",
13,2,True,"Room, Staff, Location",
13,3,True,"Room, Staff, Location",
14,1,True,"Staff, Location",
14,2,True,"Staff, Location",
14,3,True,"Staff, Location",
15,1,True,"Staff, Location",
15,2,True,"Staff, Location",
15,3,True,"Staff, Location",
16,1,True,"Room, Food",
16,2,True,"Room, Food",
16,3,True,"Room, Food",
17,1,True,"Room, Staff, Location",
17,2,True,"Room, Staff, Location",
17,3,True,"Room, Staff, Location",
18,1,True,"Staff, Location, Food, Price, Facility",
18,2,True,"Staff, Location, Food, Price, Facility",
18,3,True,"Staff, Location, Food, Price, Facility",
19,1,True,Location,
19,2,True,Location,
19,3,True,Location,
20,1,True,"Staff, Location",
20,2,True,"Staff, Location",
20,3,True,"Staff, Location",
21,1,True,"Staff, Food",
21,2,True,"Staff, Food",
21,3,True,"Staff, Food",
22,1,True,"Room, Staff, Food, Facility",
22,2,True,"Room, Staff, Food, Facility",
22,3,True,"Room, Staff, Food, Facility",
23,1,True,Room,
23,2,True,Room,
23,3,True,Room,
24,1,True,(none),
24,2,True,(none),
24,3,True,(none),
25,1,True,Off,
25,2,True,Off,
25,3,True,Off,
26,1,True,"Room, Staff, Location, Food",
26,2,True,"Room, Staff, Location, Food, Facility",
26,3,True,"Room, Staff, Location, Food, Facility",
27,1,True,"Staff, Off",
27,2,True,"Staff, Off",
27,3,True,"Staff, Off",
28,1,True,"Staff, Location",
28,2,True,Staff,
28,3,True,Staff,
29,1,True,"Room, Staff",
29,2,True,"Room, Staff",
29,3,True,"Room, Staff",
30,1,True,"Room, Staff, Location, Off",
30,2,True,"Room, Staff, Location, Off",
30,3,True,"Room, Staff, Location, Off",
31,1,True,"Staff, Location, Food, Price",
31,2,True,"Staff, Location, Food, Price",
31,3,True,"Staff, Location, Food, Price",
32,1,True,"Room, Staff, Off",
32,2,True,"Room, Staff, Off",
32,3,True,"Room, Staff, Off",
33,1,True,"Room, Staff, Food, Facility",
33,2,True,"Room, Staff, Food, Facility",
33,3,True,"Room, Staff, Food, Facility",
34,1,True,"Location, Price",
34,2,True,"Location, Price",
34,3,True,"Location, Price",
35,1,True,(none),
35,2,True,(none),
35,3,True,(none),
36,1,True,"Room, Staff, Location, Food, Check-in, Off",
36,2,True,"Room, Staff, Location, Food, Check-in, Off",
36,3,True,"Room, Staff, Location, Food, Check-in, Off",
37,1,True,"Staff, Food",
37,2,True,"Staff, Food",
37,3,True,"Staff, Food",
38,1,True,Room,
38,2,True,Room,
38,3,True,Room,
39,1,True,(none),
39,2,True,(none),
39,3,True,(none),
40,1,True,"Room, Location",
40,2,True,"Room, Location",
40,3,True,"Room, Location",
41,1,True,"Room, Staff, Location, Food, Facility",
41,2,True,"Room, Staff, Location, Food, Facility",
41,3,True,"Room, Staff, Location, Food, Facility",
42,1,True,(none),
42,2,True,(none),
42,3,True,(none),
43,1,True,Room,
43,2,True,Room,
43,3,True,Room,
44,1,True,"Staff, Facility",
44,2,True,"Staff, Facility",
44,3,True,"Staff, Facility",
45,1,True,"Location, Food, Price",
45,2,True,"Location, Food, Price",
45,3,True,"Location, Food, Price",
46,1,True,Price,
46,2,True,Price,
46,3,True,Price,
47,1,True,"Staff, Price",
47,2,True,"Staff, Price",
47,3,True,"Staff, Price",
48,1,True,"Room, Staff",
48,2,True,"Room, Staff",
48,3,True,"Room, Staff",
49,1,True,"Room, Location, Price",
49,2,True,"Room, Location, Price",
49,3,True,"Room, Location, Price",
50,1,True,Location,
50,2,False,(parse failed),json_parse_error: Extra data: line 2 column 1 (char 202)
50,3,False,(parse failed),json_parse_error: Extra data: line 2 column 1 (char 202)
51,1,True,"Room, Staff, Food",
51,2,True,"Room, Staff, Food",
51,3,True,"Room, Staff, Food",
52,1,True,Off,
52,2,True,Off,
52,3,True,Off,
53,1,True,"Room, Location, Food, Facility",
53,2,True,"Room, Location, Food, Facility",
53,3,True,"Room, Location, Food, Facility",
54,1,True,Room,
54,2,True,Room,
54,3,True,Room,
55,1,False,(parse failed),json_parse_error: Extra data: line 2 column 2 (char 224)
55,2,False,(parse failed),json_parse_error: Extra data: line 2 column 2 (char 216)
55,3,False,(parse failed),json_parse_error: Extra data: line 2 column 2 (char 216)
56,1,True,"Staff, Location",
56,2,True,"Staff, Location",
56,3,True,"Staff, Location",
57,1,True,"Room, Staff, Location, Taxi-issue",
57,2,True,"Room, Staff, Location, Taxi-issue",
57,3,True,"Room, Staff, Location, Taxi-issue",
58,1,True,"Room, Staff, Location",
58,2,True,"Room, Staff, Location",
58,3,True,"Room, Staff, Location",
59,1,False,(parse failed),json_parse_error: Extra data: line 2 column 1 (char 191)
59,2,False,(parse failed),json_parse_error: Extra data: line 2 column 1 (char 191)
59,3,False,(parse failed),json_parse_error: Extra data: line 2 column 1 (char 191)
60,1,False,(parse failed),json_parse_error: Extra data: line 2 column 2 (char 206)
60,2,False,(parse failed),json_parse_error: Extra data: line 2 column 2 (char 206)
60,3,False,(parse failed),json_parse_error: Extra data: line 2 column 2 (char 206)
61,1,True,Food,
61,2,True,Food,
61,3,True,Food,
62,1,True,"Room, Staff, Location, Food, Facility",
62,2,True,"Room, Staff, Location, Food, Facility",
62,3,True,"Room, Staff, Location, Food, Facility",
63,1,True,Facility,
63,2,True,Facility,
63,3,True,Facility,
64,1,True,"Room, Staff, Location, Food",
64,2,True,"Room, Staff, Location, Food",
64,3,True,"Room, Staff, Location, Food",
65,1,True,"Staff, Location, Food, Off",
65,2,True,"Staff, Location, Food, Off",
65,3,True,"Staff, Location, Food, Off",
66,1,True,"Staff, Location, Food, Facility",
66,2,True,"Staff, Location, Food, Facility",
66,3,True,"Staff, Location, Food, Facility",
67,1,True,"Staff, Off",
67,2,True,"Staff, Off",
67,3,True,"Staff, Off",
68,1,True,Price,
68,2,True,Price,
68,3,True,Price,
69,1,True,Price,
69,2,True,Price,
69,3,True,Price,
70,1,True,"Staff, Off",
70,2,True,"Staff, Off",
70,3,True,"Staff, Off",
71,1,True,"Staff, Location, Check-in",
71,2,True,"Staff, Location, Check-in",
71,3,True,"Staff, Location, Check-in",
72,1,True,Check-in,
72,2,True,Check-in,
72,3,True,Check-in,
73,1,True,"Room, Staff",
73,2,True,"Room, Staff",
73,3,True,"Room, Staff",
74,1,True,"Room, Staff, Location, Food, Facility",
74,2,True,"Room, Staff, Location, Food, Facility",
74,3,True,"Room, Staff, Location, Food, Facility",
75,1,True,Off,
75,2,True,Off,
75,3,True,Off,
76,1,True,Location,
76,2,True,Location,
76,3,True,Location,
77,1,True,Staff,
77,2,True,Staff,
77,3,True,Staff,
78,1,True,"Room, Staff, Off",
78,2,True,"Room, Staff, Off",
78,3,True,"Room, Staff, Off",
79,1,True,Staff,
79,2,True,Staff,
79,3,True,Staff,
80,1,True,"Location, Food, Price",
80,2,True,"Location, Food, Price",
80,3,True,"Location, Food, Price",
81,1,False,(parse failed),json_parse_error: Extra data: line 3 column 1 (char 233)
81,2,False,(parse failed),json_parse_error: Extra data: line 3 column 1 (char 233)
81,3,False,(parse failed),json_parse_error: Extra data: line 3 column 1 (char 233)
82,1,True,"Staff, Location",
82,2,True,"Staff, Location",
82,3,True,"Staff, Location",
83,1,True,"Room, Staff, Location",
83,2,True,"Room, Staff, Location",
83,3,True,"Room, Staff, Location",
84,1,True,"Staff, Food, Facility",
84,2,True,"Staff, Food, Facility",
84,3,True,"Staff, Food, Facility",
85,1,True,"Room, Staff, Food, Check-in",
85,2,True,"Room, Staff, Food, Check-in",
85,3,True,"Room, Staff, Food, Check-in",
86,1,True,Staff,
86,2,True,Staff,
86,3,True,Staff,
87,1,True,"Staff, Food",
87,2,True,"Staff, Food",
87,3,True,"Staff, Food",
88,1,True,"Staff, Location, Off",
88,2,True,"Staff, Location",
88,3,True,"Staff, Location",
89,1,True,Off,
89,2,True,Off,
89,3,True,Off,
90,1,True,Staff,
90,2,True,Staff,
90,3,True,Staff,
91,1,True,"Room, Staff, Location",
91,2,True,"Room, Staff, Location",
91,3,True,"Room, Staff, Location",
92,1,True,Check-in,
92,2,True,Check-in,
92,3,True,Check-in,
93,1,True,"Room, Location, Food",
93,2,True,"Room, Location, Food",
93,3,True,"Room, Location, Food",
94,1,True,"Staff, Food, Facility",
94,2,True,"Staff, Food, Facility",
94,3,True,"Staff, Food, Facility",
95,1,True,Location,
95,2,True,Location,
95,3,True,Location,
96,1,True,"Room, Staff",
96,2,True,"Room, Staff",
96,3,True,"Room, Staff",
97,1,True,"Staff, Food",
97,2,True,"Staff, Food",
97,3,True,"Staff, Food",
98,1,True,"Location, Facility",
98,2,True,"Location, Facility",
98,3,True,"Location, Facility",
99,1,True,Staff,
99,2,True,Staff,
99,3,True,Staff,
100,1,True,Staff,
100,2,True,Staff,
100,3,True,Staff,
101,1,True,"Room, Staff",
101,2,True,"Room, Staff",
101,3,True,"Room, Staff",
102,1,True,"Room, Staff, Location, Off",
102,2,True,"Room, Staff, Location, Off",
102,3,True,"Room, Staff, Location, Off",
103,1,True,"Room, Facility",
103,2,True,"Room, Facility",
103,3,True,"Room, Facility",
104,1,True,Room,
104,2,True,Room,
104,3,True,Room,
105,1,True,"Room, Staff",
105,2,True,"Room, Staff",
105,3,True,"Room, Staff",
106,1,True,Staff,
106,2,True,Staff,
106,3,True,Staff,
107,1,True,"Room, Location, Food, Off",
107,2,True,"Room, Location, Food, Off",
107,3,True,"Room, Location, Food, Off",
108,1,True,Off,
108,2,True,Off,
108,3,True,Off,
109,1,True,"Room, Staff, Location",
109,2,True,"Room, Staff, Location",
109,3,True,"Room, Staff, Location",
110,1,True,"Facility, Check-in",
110,2,True,"Facility, Check-in",
110,3,True,"Facility, Check-in",
111,1,True,"Location, Off",
111,2,True,"Location, Off",
111,3,True,"Location, Off",
112,1,True,Food,
112,2,True,Food,
112,3,True,Food,
113,1,True,"Room, Staff",
113,2,True,"Room, Staff",
113,3,True,"Room, Staff",
114,1,True,"Room, Staff, Location, Food, Facility, Check-in",
114,2,True,"Room, Staff, Location, Food, Facility",
114,3,True,"Room, Staff, Location, Food, Facility",
115,1,True,"Staff, Location",
115,2,True,"Staff, Location",
115,3,True,"Staff, Location",
116,1,True,"Location, Facility",
116,2,True,"Location, Facility",
116,3,True,"Location, Facility",
117,1,True,Location,
117,2,True,Location,
117,3,True,Location,
118,1,True,"Room, Staff, Location, Food",
118,2,True,"Room, Staff, Location, Food",
118,3,True,"Room, Staff, Location, Food",
119,1,True,"Room, Staff, Location, Facility",
119,2,True,"Room, Staff, Location, Facility",
119,3,True,"Room, Staff, Location, Facility",
120,1,True,"Room, Staff, Location",
120,2,True,"Room, Staff, Location",
120,3,True,"Room, Staff, Location",
121,1,True,(none),
121,2,True,(none),
121,3,True,(none),
122,1,True,"Staff, Off",
122,2,True,"Staff, Off",
122,3,True,"Staff, Off",
123,1,True,"Staff, Location",
123,2,True,Location,
123,3,True,Location,
124,1,True,Staff,
124,2,True,Staff,
124,3,True,Staff,
125,1,True,"Location, Price, Taxi-issue",
125,2,True,"Location, Price, Taxi-issue",
125,3,True,"Location, Price, Taxi-issue",
126,1,True,"Room, Staff, Food",
126,2,True,"Room, Staff, Food",
126,3,True,"Room, Staff, Food",
127,1,True,Off,
127,2,True,Off,
127,3,True,Off,
128,1,True,Location,
128,2,True,Location,
128,3,True,Location,
129,1,True,"Room, Staff, Location",
129,2,True,"Room, Staff, Location",
129,3,True,"Room, Staff, Location",
130,1,False,(parse failed),json_parse_error: Extra data: line 2 column 2 (char 212)
130,2,True,Off,
130,3,True,Off,
131,1,True,"Room, Staff, Location, Facility",
131,2,True,"Room, Staff, Location, Facility",
131,3,True,"Room, Staff, Location, Facility",
132,1,True,"Room, Staff, Food",
132,2,True,"Room, Staff, Food",
132,3,True,"Room, Staff, Food",
133,1,True,"Room, Staff, Price",
133,2,True,"Room, Staff, Price",
133,3,True,"Room, Staff, Price",
134,1,True,"Staff, Location",
134,2,True,"Staff, Location",
134,3,True,"Staff, Location",
135,1,True,"Room, Staff, Food",
135,2,True,"Room, Staff, Food",
135,3,True,"Room, Staff, Food",
136,1,True,Price,
136,2,True,Price,
136,3,True,Price,
137,1,True,"Room, Staff, Location",
137,2,True,"Room, Staff, Location",
137,3,True,"Room, Staff, Location",
138,1,True,"Room, Staff, Location",
138,2,True,"Room, Staff, Location",
138,3,True,"Room, Staff, Location",
139,1,True,"Location, Food, Facility",
139,2,True,"Location, Food, Facility",
139,3,True,"Location, Food, Facility",
140,1,True,"Room, Location, Food, Check-in",
140,2,True,"Room, Location, Food, Check-in",
140,3,True,"Room, Location, Food, Check-in",
141,1,True,Staff,
141,2,True,Staff,
141,3,True,Staff,
142,1,True,"Staff, Location, Off",
142,2,True,"Staff, Location",
142,3,True,"Staff, Location",
143,1,True,Location,
143,2,True,Location,
143,3,True,Location,
144,1,True,Off,
144,2,True,Off,
144,3,True,Off,
145,1,True,"Room, Staff, Location, Food",
145,2,True,"Room, Staff, Location, Food",
145,3,True,"Room, Staff, Location, Food",
146,1,True,"Room, Staff",
146,2,True,"Room, Staff",
146,3,True,"Room, Staff",
147,1,True,Staff,
147,2,True,Staff,
147,3,True,Staff,
148,1,True,"Location, Off",
148,2,True,"Location, Off",
148,3,True,"Location, Off",
149,1,True,"Room, Staff, Location, Price, Facility, Off, Taxi-issue",
149,2,True,"Room, Staff, Location, Price, Facility, Off, Taxi-issue",
149,3,True,"Room, Staff, Location, Price, Facility, Off, Taxi-issue",
150,1,True,Off,
150,2,True,Off,
150,3,True,Off,
151,1,True,Off,
151,2,True,Off,
151,3,True,Off,
152,1,True,"Room, Location, Check-in, Taxi-issue",
152,2,True,"Room, Location, Check-in, Taxi-issue",
152,3,True,"Room, Location, Check-in, Taxi-issue",
153,1,True,"Room, Staff, Location, Food, Price, Facility, Check-in, Off, Taxi-issue",
153,2,True,"Room, Staff, Location, Food, Price, Facility, Check-in, Off, Taxi-issue",
153,3,True,"Room, Staff, Location, Food, Price, Facility, Check-in, Off, Taxi-issue",
154,1,True,"Staff, Food",
154,2,True,"Staff, Food",
154,3,True,"Staff, Food",
155,1,True,"Room, Location, Food, Price, Facility",
155,2,True,"Room, Location, Food, Price, Facility",
155,3,True,"Room, Location, Food, Price, Facility",
156,1,True,"Room, Location, Price, Facility",
156,2,True,"Room, Location, Price, Facility",
156,3,True,"Room, Location, Price, Facility",
157,1,True,"Room, Location",
157,2,True,"Room, Location",
157,3,True,"Room, Location",
158,1,False,(parse failed),json_parse_error: Invalid control character at: line 1 column 233 (char 232)
158,2,False,(parse failed),json_parse_error: Extra data: line 3 column 1 (char 283)
158,3,False,(parse failed),json_parse_error: Extra data: line 3 column 1 (char 283)
159,1,True,"Room, Staff, Location",
159,2,True,"Room, Staff, Location",
159,3,True,"Room, Staff, Location",
160,1,True,(none),
160,2,True,(none),
160,3,True,(none),
161,1,True,"Staff, Price, Check-out",
161,2,True,"Staff, Price, Check-out",
161,3,True,"Staff, Price, Check-out",
162,1,True,"Staff, Food",
162,2,True,"Staff, Food",
162,3,True,"Staff, Food",
163,1,True,Check-in,
163,2,True,Check-in,
163,3,True,Check-in,
164,1,True,"Staff, Off",
164,2,True,"Staff, Off",
164,3,True,"Staff, Off",
165,1,True,Staff,
165,2,True,Staff,
165,3,True,Staff,
166,1,True,Off,
166,2,True,Off,
166,3,True,Off,
167,1,True,"Staff, Food",
167,2,True,"Staff, Food",
167,3,True,"Staff, Food",
168,1,True,"Room, Staff, Location, Food",
168,2,True,"Room, Staff, Location, Food",
168,3,True,"Room, Staff, Location, Food",
169,1,False,(parse failed),json_parse_error: Extra data: line 3 column 2 (char 190)
169,2,True,"Location, Food",
169,3,True,"Location, Food",
170,1,True,"Staff, Food",
170,2,True,"Staff, Food",
170,3,True,"Staff, Food",
171,1,True,"Staff, Location, Facility",
171,2,True,"Staff, Location, Facility",
171,3,True,"Staff, Location, Facility",
172,1,True,Off,
172,2,True,Off,
172,3,True,Off,
173,1,True,"Room, Staff",
173,2,True,"Room, Staff",
173,3,True,"Room, Staff",
174,1,True,(none),
174,2,True,(none),
174,3,True,(none),
175,1,True,Location,
175,2,True,Location,
175,3,True,Location,
176,1,True,Room,
176,2,True,Room,
176,3,True,Room,
177,1,True,"Staff, Location, Off",
177,2,True,"Staff, Location, Off",
177,3,True,"Staff, Location, Off",
178,1,True,Off,
178,2,True,Off,
178,3,True,Off,
179,1,True,Location,
179,2,True,Location,
179,3,True,Location,
180,1,True,"Room, Staff, Food, Facility",
180,2,True,"Room, Staff, Food, Facility",
180,3,True,"Room, Staff, Food, Facility",
181,1,True,"Room, Staff",
181,2,True,"Room, Staff",
181,3,True,"Room, Staff",
182,1,True,(none),
182,2,True,(none),
182,3,True,(none),
183,1,True,"Location, Food",
183,2,True,"Location, Food",
183,3,True,"Location, Food",
184,1,True,Food,
184,2,True,Food,
184,3,True,Food,
185,1,True,"Staff, Location, Food",
185,2,True,"Staff, Location, Food",
185,3,True,"Staff, Location, Food",
186,1,True,Staff,
186,2,True,Staff,
186,3,True,Staff,
187,1,True,Off,
187,2,True,Off,
187,3,True,Off,
188,1,True,Off,
188,2,True,Off,
188,3,True,Off,
189,1,True,Off,
189,2,True,Off,
189,3,True,Off,
190,1,True,"Room, Location, Facility, Check-in",
190,2,True,"Room, Location, Facility, Check-in",
190,3,True,"Room, Location, Facility, Check-in",
191,1,True,Location,
191,2,True,Location,
191,3,True,Location,
192,1,True,"Staff, Location",
192,2,True,"Staff, Location",
192,3,True,"Staff, Location",
193,1,True,"Room, Staff, Location",
193,2,True,"Room, Staff, Location",
193,3,True,"Room, Staff, Location",
194,1,True,Location,
194,2,True,Location,
194,3,True,Location,
195,1,True,Location,
195,2,True,Location,
195,3,True,Location,
196,1,True,Booking-issue,
196,2,True,Booking-issue,
196,3,True,Booking-issue,
197,1,True,Location,
197,2,True,Location,
197,3,True,Location,
198,1,True,"Staff, Food",
198,2,True,"Staff, Food",
198,3,True,"Staff, Food",
199,1,True,"Staff, Location",
199,2,True,"Staff, Location",
199,3,True,"Staff, Location",
200,1,True,Food,
200,2,True,Food,
200,3,True,Food,
201,1,True,Off,
201,2,True,Off,
201,3,True,Off,
202,1,True,"Staff, Location",
202,2,True,"Staff, Location",
202,3,True,"Staff, Location",
203,1,True,"Room, Staff, Price",
203,2,True,"Room, Staff, Price",
203,3,True,"Room, Staff, Price",
204,1,True,"Staff, Location",
204,2,True,"Staff, Location",
204,3,True,"Staff, Location",
205,1,True,Off,
205,2,True,Off,
205,3,True,Off,
206,1,True,"Location, Price",
206,2,True,"Location, Price",
206,3,True,"Location, Price",
207,1,True,Staff,
207,2,True,Staff,
207,3,True,Staff,
208,1,False,(parse failed),json_parse_error: Extra data: line 2 column 2 (char 343)
208,2,False,(parse failed),json_parse_error: Extra data: line 2 column 2 (char 343)
208,3,False,(parse failed),json_parse_error: Extra data: line 2 column 2 (char 343)
209,1,True,"Room, Staff, Food",
209,2,True,"Room, Staff, Food",
209,3,True,"Room, Staff, Food",
210,1,True,Location,
210,2,True,Location,
210,3,True,Location,
211,1,True,"Staff, Location, Food",
211,2,True,"Staff, Location, Food",
211,3,True,"Staff, Location, Food",
212,1,True,"Staff, Price",
212,2,True,"Staff, Price",
212,3,True,"Staff, Price",
213,1,True,Food,
213,2,True,Food,
213,3,True,Food,
214,1,False,Check-in,'Check-out' is a required property
214,2,False,Check-in,'Check-out' is a required property
214,3,False,Check-in,'Check-out' is a required property
215,1,True,Off,
215,2,True,Off,
215,3,True,Off,
216,1,True,"Room, Facility",
216,2,True,"Room, Facility",
216,3,True,"Room, Facility",
217,1,True,Off,
217,2,True,Off,
217,3,True,Off,
218,1,True,"Room, Location, Off",
218,2,True,"Room, Location, Off",
218,3,True,"Room, Location, Off",
219,1,True,"Room, Facility, Off",
219,2,True,"Room, Facility, Off",
219,3,True,"Room, Facility, Off",
220,1,False,(parse failed),json_parse_error: Extra data: line 3 column 1 (char 311)
220,2,True,"Room, Location, Facility, Check-in",
220,3,True,"Room, Location, Facility, Check-in",
221,1,True,"Room, Staff, Food, Facility",
221,2,True,"Room, Staff, Food, Facility",
221,3,True,"Room, Staff, Food, Facility",
222,1,True,Room,
222,2,True,Room,
222,3,True,Room,
223,1,False,(parse failed),json_parse_error: Extra data: line 2 column 1 (char 262)
223,2,False,(parse failed),json_parse_error: Extra data: line 2 column 1 (char 314)
223,3,False,(parse failed),json_parse_error: Extra data: line 2 column 1 (char 314)
224,1,True,Staff,
224,2,True,Staff,
224,3,True,Staff,
225,1,True,Off,
225,2,True,Off,
225,3,True,Off,
226,1,False,(parse failed),json_parse_error: Expecting value: line 1 column 1 (char 0)
226,2,False,(parse failed),json_parse_error: Expecting value: line 1 column 1 (char 0)
226,3,False,(parse failed),json_parse_error: Expecting value: line 1 column 1 (char 0)
227,1,False,"Room, Staff, Location, Check-in",'Check-out' is a required property
227,2,False,"Room, Staff, Location, Check-in",'Check-out' is a required property
227,3,False,"Room, Staff, Location, Check-in",'Check-out' is a required property
228,1,True,"Room, Location",
228,2,True,"Room, Location",
228,3,True,"Room, Location",
229,1,True,"Staff, Food",
229,2,True,"Staff, Food",
229,3,True,"Staff, Food",
230,1,True,"Location, Price",
230,2,True,"Location, Price",
230,3,True,"Location, Price",
231,1,True,"Room, Staff, Location",
231,2,True,"Room, Staff, Location",
231,3,True,"Room, Staff, Location",
232,1,True,"Room, Staff, Location, Food, Price",
232,2,True,"Room, Staff, Location, Food, Price",
232,3,True,"Room, Staff, Location, Food, Price",
233,1,True,"Room, Location, Food, Facility",
233,2,True,"Room, Location, Food, Facility",
233,3,True,"Room, Location, Food, Facility",
234,1,True,"Location, Price, Facility",
234,2,True,"Location, Price, Facility",
234,3,True,"Location, Price, Facility",
235,1,True,"Staff, Location",
235,2,True,"Staff, Location",
235,3,True,"Staff, Location",
236,1,True,"Room, Location, Facility, Off",
236,2,True,"Room, Location, Facility, Off",
236,3,True,"Room, Location, Facility, Off",
237,1,True,Off,
237,2,True,Off,
237,3,True,Off,
238,1,True,"Room, Location",
238,2,True,"Room, Location",
238,3,True,"Room, Location",
239,1,True,"Room, Location, Facility",
239,1,True,"Room, Location, Facility",
239,2,True,"Room, Location, Facility",
239,2,True,"Room, Location, Facility",
239,3,True,"Room, Location, Facility",
239,3,True,"Room, Location, Facility",
240,1,True,Location,
240,1,True,Location,
240,2,True,Location,
240,2,True,Location,
240,3,True,Location,
240,3,True,Location,
241,1,True,"Room, Staff, Location, Price, Facility",
241,1,True,"Room, Staff, Location, Price, Facility",
241,2,True,"Room, Staff, Location, Price, Facility",
241,2,True,"Room, Staff, Location, Price, Facility",
241,3,True,"Room, Staff, Location, Price, Facility",
241,3,True,"Room, Staff, Location, Price, Facility",
242,1,True,"Staff, Off",
242,1,True,"Staff, Off",
242,2,True,"Staff, Off",
242,2,True,"Staff, Off",
242,3,True,"Staff, Off",
242,3,True,"Staff, Off",
243,1,True,"Location, Facility",
243,1,True,"Location, Facility",
243,2,True,"Location, Facility",
243,2,True,"Location, Facility",
243,3,True,"Location, Facility",
243,3,True,"Location, Facility",
244,1,True,Off,
244,1,True,Off,
244,2,True,Off,
244,2,True,Off,
244,3,True,Off,
245,1,True,"Room, Staff, Food",
245,2,True,"Room, Staff, Food",
245,3,True,"Room, Staff, Food",
246,1,True,"Room, Staff, Location, Food, Taxi-issue",
246,2,True,"Room, Staff, Location, Food, Taxi-issue",
246,3,True,"Room, Staff, Location, Food, Taxi-issue",
247,1,True,Location,
247,2,True,Location,
247,3,True,Location,
248,1,True,"Room, Staff, Facility, Taxi-issue",
248,2,True,"Room, Staff, Facility, Taxi-issue",
248,3,True,"Room, Staff, Facility, Taxi-issue",
249,1,True,Off,
249,2,True,Off,
249,3,True,Off,
250,1,True,"Room, Staff, Location, Food, Facility",
250,2,True,"Room, Staff, Location, Food, Facility",
250,3,True,"Room, Staff, Location, Food, Facility",
251,1,True,Staff,
251,2,True,Staff,
251,3,True,Staff,
252,1,True,"Room, Staff, Food",
252,2,True,"Room, Staff, Food",
252,3,True,"Room, Staff, Food",
253,1,True,Off,
253,2,True,Off,
253,3,True,Off,
254,1,True,"Room, Staff, Location, Facility, Off",
254,2,True,"Room, Staff, Location, Facility, Off",
254,3,True,"Room, Staff, Location, Facility, Off",
255,1,True,"Room, Staff, Location",
255,2,True,"Room, Staff, Location",
255,3,True,"Room, Staff, Location",
256,1,True,Off,
256,2,True,Off,
256,3,True,Off,
257,1,True,"Staff, Location",
257,2,True,"Staff, Location",
257,3,True,"Staff, Location",
258,1,True,"Staff, Food",
258,2,True,"Staff, Food",
258,3,True,"Staff, Food",
259,1,True,"Staff, Location",
259,2,True,"Staff, Location",
259,3,True,"Staff, Location",
260,1,True,"Staff, Location, Food",
260,2,True,"Staff, Location, Food",
260,3,True,"Staff, Location, Food",
261,1,True,(none),
261,2,True,(none),
261,3,True,(none),
262,1,True,"Room, Staff, Location, Off",
262,2,True,"Room, Staff, Location, Off",
262,3,True,"Room, Staff, Location, Off",
263,1,True,Room,
263,2,True,Room,
263,3,True,Room,
264,1,True,"Room, Staff",
264,2,True,"Room, Staff",
264,3,True,"Room, Staff",
265,1,True,"Location, Price",
265,2,True,"Location, Price",
265,3,True,"Location, Price",
266,1,True,Staff,
266,2,True,Staff,
266,3,True,Staff,
267,1,True,Staff,
267,2,True,Staff,
267,3,True,Staff,
268,1,True,"Room, Staff, Location, Food, Facility, Off",
268,2,True,"Room, Staff, Location, Food, Facility, Off",
268,3,True,"Room, Staff, Location, Food, Facility, Off",
269,1,True,"Staff, Location, Off",
269,2,True,"Staff, Location, Off",
269,3,True,"Staff, Location, Off",
270,1,True,"Room, Staff",
270,2,True,"Room, Staff",
270,3,True,"Room, Staff",
271,1,True,Location,
271,2,True,Location,
271,3,True,Location,
272,1,True,"Staff, Location, Food",
272,2,True,"Staff, Location, Food",
272,3,True,"Staff, Location, Food",
273,1,True,(none),
273,2,True,(none),
273,3,True,(none),
274,1,True,Staff,
274,2,True,Staff,
274,3,True,Staff,
275,1,True,"Room, Staff",
275,2,True,"Room, Staff",
275,3,True,"Room, Staff",
276,1,True,"Staff, Location, Check-in",
276,2,True,"Staff, Location, Check-in",
276,3,True,"Staff, Location, Check-in",
277,1,True,Staff,
277,2,True,Staff,
277,3,True,Staff,
278,1,True,"Staff, Location, Food",
278,2,True,"Staff, Location, Food",
278,3,True,"Staff, Location, Food",
279,1,True,"Location, Food, Facility",
279,2,True,"Location, Food, Facility",
279,3,True,"Location, Food, Facility",
280,1,True,"Room, Location, Facility",
280,2,True,"Room, Location, Facility",
280,3,True,"Room, Location, Facility",
281,1,True,"Staff, Location",
281,2,True,"Staff, Location",
281,3,True,"Staff, Location",
282,1,True,"Staff, Location, Food",
282,2,True,"Staff, Location, Food",
282,3,True,"Staff, Location, Food",
283,1,True,Staff,
283,2,True,Staff,
283,3,True,Staff,
284,1,True,"Room, Staff, Location",
284,2,True,"Room, Staff, Location",
284,3,True,"Room, Staff, Location",
285,1,True,Room,
285,2,True,Room,
285,3,True,Room,
286,1,True,Location,
286,2,True,Location,
286,3,True,Location,
287,1,True,"Room, Price",
287,2,True,"Room, Price",
287,3,True,"Room, Price",
288,1,True,"Staff, Location, Food",
288,2,True,"Staff, Location, Food",
288,3,True,"Staff, Location, Food",
289,1,True,"Room, Location, Taxi-issue",
289,2,True,"Room, Location, Taxi-issue",
289,3,True,"Room, Location, Taxi-issue",
290,1,True,"Room, Staff, Location, Food, Facility",
290,2,True,"Room, Staff, Location, Food, Facility",
290,3,True,"Room, Staff, Location, Food, Facility",
291,1,True,"Staff, Location",
291,2,True,"Staff, Location",
291,3,True,"Staff, Location",
292,1,False,(parse failed),json_parse_error: Extra data: line 2 column 1 (char 202)
292,2,False,(parse failed),json_parse_error: Extra data: line 2 column 1 (char 202)
292,3,False,(parse failed),json_parse_error: Extra data: line 2 column 1 (char 202)
293,1,True,Staff,
293,2,True,Staff,
293,3,True,Staff,
294,1,True,Off,
294,2,True,Off,
294,3,True,Off,
295,1,True,"Room, Staff, Location, Food, Facility",
295,2,True,"Room, Staff, Location, Food, Facility",
295,3,True,"Room, Staff, Location, Food, Facility",
296,1,True,Off,
296,2,True,Off,
296,3,True,Off,
297,1,True,"Room, Facility",
297,2,True,"Room, Facility",
297,3,True,"Room, Facility",
298,1,True,"Room, Staff, Location",
298,2,True,"Room, Staff, Location",
298,3,True,"Room, Staff, Location",
299,1,True,"Room, Staff, Location",
299,2,True,"Room, Staff, Location",
299,3,True,"Room, Staff, Location",
300,1,True,"Room, Staff, Location, Food, Price, Facility",
300,2,True,"Room, Staff, Location, Food, Price, Facility",
300,3,True,"Room, Staff, Location, Food, Price, Facility",
301,1,True,Staff,
301,2,True,Staff,
301,3,True,Staff,
302,1,False,(parse failed),json_parse_error: Extra data: line 2 column 2 (char 210)
302,2,False,(parse failed),json_parse_error: Extra data: line 2 column 2 (char 210)
302,3,False,(parse failed),json_parse_error: Extra data: line 2 column 2 (char 210)
303,1,True,"Room, Staff",
303,2,True,"Room, Staff",
303,3,True,"Room, Staff",
304,1,True,"Room, Staff, Location",
304,2,True,"Room, Staff, Location",
304,3,True,"Room, Staff, Location",
305,1,True,"Staff, Food",
305,2,True,"Staff, Food",
305,3,True,"Staff, Food",
306,1,True,Staff,
306,2,True,Staff,
306,3,True,Staff,
307,1,True,Taxi-issue,
307,2,True,Taxi-issue,
307,3,True,Taxi-issue,
308,1,True,Staff,
308,2,True,Staff,
308,3,True,Staff,
309,1,True,Staff,
309,2,True,Staff,
309,3,True,Staff,
310,1,True,"Location, Food, Check-out",
310,2,True,"Location, Food, Check-out",
310,3,True,"Location, Food, Check-out",
311,1,True,"Room, Staff, Off",
311,2,True,"Room, Staff, Facility, Off",
311,3,True,"Room, Staff, Facility, Off",
312,1,True,"Staff, Location, Food, Facility",
312,2,True,"Staff, Location, Food, Facility",
312,3,True,"Staff, Location, Food, Facility",
313,1,True,"Staff, Price, Facility",
313,2,True,"Staff, Price, Facility",
313,3,True,"Staff, Price, Facility",
314,1,True,"Check-in, Check-out",
314,2,True,"Check-in, Check-out",
314,3,True,"Check-in, Check-out",
315,1,True,Staff,
315,2,True,Staff,
315,3,True,Staff,
316,1,True,"Room, Staff, Location, Facility",
316,2,True,"Room, Staff, Location, Facility",
316,3,True,"Room, Staff, Location, Facility",
317,1,True,Off,
317,2,True,Off,
317,3,True,Off,
318,1,True,"Room, Staff, Location, Facility",
318,2,True,"Room, Staff, Location, Facility",
318,3,True,"Room, Staff, Location, Facility",
319,1,True,"Room, Staff",
319,2,True,"Room, Staff",
319,3,True,"Room, Staff",
320,1,True,"Room, Location",
320,2,True,"Room, Location",
320,3,True,"Room, Location",
321,1,True,Off,
321,2,True,Off,
321,3,True,Off,
322,1,True,"Room, Location, Check-in",
322,2,True,"Room, Location, Check-in",
322,3,True,"Room, Location, Check-in",
323,1,True,"Room, Staff, Location, Price, Facility",
323,2,True,"Room, Staff, Location, Price, Facility",
323,3,True,"Room, Staff, Location, Price, Facility",
324,1,True,"Room, Staff, Location",
324,2,True,"Room, Staff, Location",
324,3,True,"Room, Staff, Location",
325,1,True,"Room, Staff, Location",
325,2,True,"Room, Staff, Location",
325,3,True,"Room, Staff, Location",
326,1,True,Room,
326,2,True,Room,
326,3,True,Room,
327,1,True,"Staff, Location",
327,2,True,"Staff, Location",
327,3,True,"Staff, Location",
328,1,True,"Room, Location, Facility",
328,2,True,"Room, Location, Facility",
328,3,True,"Room, Location, Facility",
329,1,True,Off,
329,2,True,Off,
329,3,True,Off,
330,1,True,"Staff, Food",
330,2,True,"Staff, Food",
330,3,True,"Staff, Food",
331,1,True,Off,
331,2,True,Off,
331,3,True,Off,
332,1,True,"Room, Staff, Price, Taxi-issue",
332,2,True,"Room, Staff, Price, Taxi-issue",
332,3,True,"Room, Staff, Price, Taxi-issue",
333,1,True,"Room, Food",
333,2,True,"Room, Food",
333,3,True,"Room, Food",
334,1,True,"Staff, Location",
334,2,True,"Staff, Location",
334,3,True,"Staff, Location",
335,1,True,Off,
335,2,True,Off,
335,3,True,Off,
336,1,True,"Room, Staff, Food",
336,2,True,"Room, Staff, Food",
336,3,True,"Room, Staff, Food",
337,1,True,"Room, Facility, Off",
337,2,False,(parse failed),json_parse_error: Extra data: line 2 column 1 (char 210)
337,3,False,(parse failed),json_parse_error: Extra data: line 2 column 1 (char 210)
338,1,True,"Room, Staff, Location, Price, Facility, Off",
338,2,True,"Room, Staff, Location, Price, Facility, Off",
338,3,True,"Room, Staff, Location, Price, Facility, Off",
339,1,True,"Room, Staff, Food",
339,2,True,"Room, Staff, Food",
339,3,True,"Room, Staff, Food",
340,1,True,"Room, Location, Price",
340,2,True,"Room, Location, Price",
340,3,True,"Room, Location, Price",
341,1,True,Location,
341,2,True,Location,
341,3,True,Location,
342,1,True,Staff,
342,2,True,Staff,
342,3,True,Staff,
343,1,True,Staff,
343,2,True,Staff,
343,3,True,Staff,
344,1,True,"Room, Staff, Location, Facility, Off",
344,2,True,"Room, Staff, Location, Facility, Off",
344,3,True,"Room, Staff, Location, Facility, Off",
345,1,True,(none),
345,2,True,(none),
345,3,True,(none),
346,1,True,Taxi-issue,
346,2,True,Taxi-issue,
346,3,True,Taxi-issue,
347,1,True,"Room, Staff, Location",
347,2,True,"Room, Staff, Location",
347,3,True,"Room, Staff, Location",
348,1,True,"Staff, Food, Facility",
348,2,True,"Staff, Food, Facility",
348,3,True,"Staff, Food, Facility",
349,1,True,"Room, Staff, Location",
349,2,True,"Room, Staff, Location",
349,3,True,"Room, Staff, Location",
350,1,True,"Room, Staff, Facility, Off",
350,2,True,"Room, Staff, Facility, Off",
350,3,True,"Room, Staff, Facility, Off",
351,1,True,"Room, Location",
351,2,True,"Room, Location",
351,3,True,"Room, Location",
352,1,True,Room,
352,2,True,Room,
352,3,True,Room,
353,1,True,"Room, Staff, Location, Facility",
353,2,True,"Room, Staff, Location, Facility",
353,3,True,"Room, Staff, Location, Facility",
354,1,True,Staff,
354,2,True,Staff,
354,3,True,Staff,
355,1,True,"Location, Food, Off",
355,2,True,"Location, Food, Off",
355,3,True,"Location, Food, Off",
356,1,True,Staff,
356,2,True,Staff,
356,3,True,Staff,
357,1,True,Staff,
357,2,True,Staff,
357,3,True,Staff,
358,1,True,"Location, Off",
358,2,True,"Location, Off",
358,3,True,"Location, Off",
359,1,True,Location,
359,2,True,Location,
359,3,True,Location,
360,1,True,Off,
360,2,True,Off,
360,3,True,Off,
361,1,True,Location,
361,2,True,Location,
361,3,True,Location,
362,1,True,"Room, Staff, Location, Food",
362,2,True,"Room, Staff, Location, Food",
362,3,True,"Room, Staff, Location, Food",
363,1,True,Staff,
363,2,True,Staff,
363,3,True,Staff,
364,1,True,Location,
364,2,True,Location,
364,3,True,Location,
365,1,True,Check-in,
365,2,True,Check-in,
365,3,True,Check-in,
366,1,True,"Food, Price",
366,2,True,"Food, Price",
366,3,True,"Food, Price",
367,1,True,"Room, Staff, Location",
367,2,True,"Room, Staff, Location",
367,3,True,"Room, Staff, Location",
368,1,True,"Location, Off",
368,2,True,"Location, Off",
368,3,True,"Location, Off",
369,1,True,"Staff, Location, Food",
369,2,True,"Staff, Location, Food",
369,3,True,"Staff, Location, Food",
370,1,True,"Room, Location, Facility, Off",
370,2,True,"Room, Location, Facility, Off",
370,3,True,"Room, Location, Facility, Off",
371,1,True,Staff,
371,2,True,Staff,
371,3,True,Staff,
372,1,False,(parse failed),json_parse_error: Extra data: line 2 column 2 (char 217)
372,2,False,(parse failed),json_parse_error: Extra data: line 2 column 2 (char 217)
372,3,False,(parse failed),json_parse_error: Extra data: line 2 column 2 (char 217)
373,1,True,"Staff, Location, Food",
373,2,True,"Staff, Location, Food",
373,3,True,"Staff, Location, Food",
374,1,True,"Room, Location, Facility",
374,2,True,"Room, Location, Facility",
374,3,True,"Room, Location, Facility",
375,1,True,"Room, Staff, Location, Food",
375,2,True,"Room, Staff, Location, Food",
375,3,True,"Room, Staff, Location, Food",
376,1,True,"Location, Food",
376,2,True,"Location, Food",
376,3,True,"Location, Food",
377,1,True,"Room, Staff, Location, Food",
377,2,True,"Room, Staff, Location, Food",
377,3,True,"Room, Staff, Location, Food",
378,1,True,"Room, Staff, Food",
378,2,True,"Room, Staff, Food",
378,3,True,"Room, Staff, Food",
379,1,True,"Room, Staff, Taxi-issue",
379,2,True,"Room, Staff, Taxi-issue",
379,3,True,"Room, Staff, Taxi-issue",
380,1,True,"Room, Staff, Location, Food",
380,2,True,"Room, Staff, Location, Food",
380,3,True,"Room, Staff, Location, Food",
381,1,True,"Staff, Location, Facility",
381,2,True,"Staff, Location, Facility",
381,3,True,"Staff, Location, Facility",
382,1,True,"Room, Staff, Location, Facility",
382,2,True,"Room, Staff, Location, Facility",
382,3,True,"Room, Staff, Location, Facility",
383,1,True,"Staff, Facility",
383,2,True,"Staff, Facility",
383,3,True,"Staff, Facility",
384,1,True,Staff,
384,2,True,Staff,
384,3,True,Staff,
385,1,True,(none),
385,2,True,(none),
385,3,True,(none),
386,1,True,"Room, Staff, Facility",
386,2,True,"Room, Staff, Facility",
386,3,True,"Room, Staff, Facility",
387,1,True,"Room, Staff, Off",
387,2,True,"Room, Staff, Off",
387,3,True,"Room, Staff, Off",
388,1,True,"Location, Off",
388,2,True,"Location, Off",
388,3,True,"Location, Off",
389,1,True,"Staff, Location, Off",
389,2,True,"Staff, Location, Off",
389,3,True,"Staff, Location, Off",
390,1,False,(parse failed),json_parse_error: Extra data: line 2 column 2 (char 207)
390,2,False,(parse failed),json_parse_error: Extra data: line 2 column 2 (char 207)
390,3,False,(parse failed),json_parse_error: Extra data: line 2 column 2 (char 207)
391,1,True,"Room, Location",
391,2,True,"Room, Location",
391,3,True,"Room, Location",
392,1,True,"Room, Staff, Location",
392,2,True,"Room, Staff, Location",
392,3,True,"Room, Staff, Location",
393,1,True,"Food, Price, Facility",
393,2,True,"Food, Price, Facility",
393,3,True,"Food, Price, Facility",
394,1,True,"Room, Staff, Location, Facility, Check-in",
394,2,True,"Room, Staff, Location, Facility, Check-in",
394,3,True,"Room, Staff, Location, Facility, Check-in",
395,1,True,Off,
395,2,True,Off,
395,3,True,Off,
396,1,True,"Room, Staff, Price, Facility",
396,2,True,"Room, Staff, Price, Facility",
396,3,True,"Room, Staff, Price, Facility",
397,1,True,(none),
397,2,True,Off,
397,3,True,Off,
398,1,True,"Room, Location, Facility",
398,2,True,"Room, Location, Facility",
398,3,True,"Room, Location, Facility",
399,1,False,"Room, Staff, Check-in, Off",'Check-out' is a required property
399,2,True,"Room, Staff, Check-in, Off",
399,3,True,"Room, Staff, Check-in, Off",
400,1,True,Staff,
400,2,True,Staff,
400,3,True,Staff,
401,1,True,"Room, Staff",
401,2,True,"Room, Staff",
401,3,True,"Room, Staff",
402,1,True,"Room, Staff, Location",
402,2,True,"Room, Staff, Location",
402,3,True,"Room, Staff, Location",
403,1,True,"Staff, Food",
403,2,True,"Staff, Food",
403,3,True,"Staff, Food",
404,1,True,Room,
404,2,True,Room,
404,3,True,Room,
405,1,True,"Room, Staff, Food, Facility",
405,2,True,"Room, Staff, Food, Facility",
405,3,True,"Room, Staff, Food, Facility",
406,1,True,"Room, Staff, Location, Facility",
406,2,True,"Room, Staff, Location, Facility",
406,3,True,"Room, Staff, Location, Facility",
407,1,True,"Room, Location, Food",
407,2,True,"Room, Location, Food",
407,3,True,"Room, Location, Food",
408,1,True,Staff,
408,2,True,Staff,
408,3,True,Staff,
409,1,True,"Room, Staff, Food",
409,2,True,"Room, Staff, Food",
409,3,True,"Room, Staff, Food",
410,1,True,"Room, Staff, Location, Facility",
410,2,True,"Room, Staff, Location, Facility",
410,3,True,"Room, Staff, Location, Facility",
411,1,True,Off,
411,2,True,Off,
411,3,True,Off,
412,1,True,Facility,
412,2,True,Facility,
412,3,True,Facility,
413,1,True,Staff,
413,2,True,Staff,
413,3,True,Staff,
414,1,True,"Room, Staff, Price",
414,2,True,"Room, Staff, Price",
414,3,True,"Room, Staff, Price",
415,1,True,"Room, Staff, Location, Food",
415,2,True,"Room, Staff, Location, Food",
415,3,True,"Room, Staff, Location, Food",
416,1,True,"Staff, Price",
416,2,True,"Staff, Price",
416,3,True,"Staff, Price",
417,1,True,"Room, Staff, Location, Facility",
417,2,True,"Room, Staff, Location, Facility",
417,3,True,"Room, Staff, Location, Facility",
418,1,True,"Staff, Food",
418,2,True,"Staff, Food",
418,3,True,"Staff, Food",
419,1,True,"Room, Staff, Location, Off",
419,2,True,"Room, Staff, Location, Off",
419,3,True,"Room, Staff, Location, Off",
420,1,True,Location,
420,2,True,Location,
420,3,True,Location,
421,1,True,"Staff, Location",
421,2,True,"Staff, Location",
421,3,True,"Staff, Location",
422,1,True,"Room, Staff, Location, Price, Facility",
422,2,True,"Room, Staff, Location, Facility",
422,3,True,"Room, Staff, Location, Facility",
423,1,True,"Room, Staff, Location, Price, Off",
423,2,True,"Room, Staff, Location, Price, Off",
423,3,True,"Room, Staff, Location, Price, Off",
424,1,True,"Room, Staff, Location, Food",
424,2,True,"Room, Staff, Location, Food",
424,3,True,"Room, Staff, Location, Food",
425,1,True,"Room, Location, Food, Facility",
425,2,True,"Room, Location, Food, Facility",
425,3,True,"Room, Location, Food, Facility",
426,1,False,(parse failed),json_parse_error: Extra data: line 2 column 1 (char 239)
426,2,False,(parse failed),json_parse_error: Extra data: line 2 column 1 (char 202)
426,3,False,(parse failed),json_parse_error: Extra data: line 2 column 1 (char 202)
427,1,True,"Staff, Location",
427,2,True,"Staff, Location",
427,3,True,"Staff, Location",
428,1,True,Room,
428,2,True,Room,
428,3,True,Room,
429,1,False,(parse failed),json_parse_error: Extra data: line 2 column 1 (char 201)
429,2,False,(parse failed),json_parse_error: Extra data: line 2 column 1 (char 201)
429,3,False,(parse failed),json_parse_error: Extra data: line 2 column 1 (char 201)
430,1,False,(parse failed),json_parse_error: Extra data: line 2 column 2 (char 210)
430,2,False,(parse failed),json_parse_error: Extra data: line 2 column 2 (char 210)
430,3,False,(parse failed),json_parse_error: Extra data: line 2 column 2 (char 210)
431,1,True,"Room, Location, Food",
431,2,True,"Room, Location, Food",
431,3,True,"Room, Location, Food",
432,1,True,"Location, Facility",
432,2,True,"Location, Facility",
432,3,True,"Location, Facility",
433,1,True,"Room, Staff, Facility, Check-out",
433,2,True,"Room, Staff, Facility, Check-out",
433,3,True,"Room, Staff, Facility, Check-out",
434,1,False,(parse failed),json_parse_error: Extra data: line 2 column 1 (char 202)
434,2,False,(parse failed),json_parse_error: Extra data: line 2 column 1 (char 202)
434,3,False,(parse failed),json_parse_error: Extra data: line 2 column 1 (char 202)
435,1,True,"Location, Price",
435,2,True,"Location, Price",
435,3,True,"Location, Price",
436,1,True,"Room, Location, Price, Facility",
436,2,True,"Room, Location, Price, Facility",
436,3,True,"Room, Location, Price, Facility",
437,1,True,"Room, Food, Price",
437,2,True,"Room, Food, Price",
437,3,True,"Room, Food, Price",
438,1,True,"Room, Location, Facility",
438,2,True,"Room, Location, Facility",
438,3,True,"Room, Location, Facility",
439,1,True,"Room, Location, Food",
439,2,True,"Room, Location, Food",
439,3,True,"Room, Location, Food",
440,1,True,"Room, Staff",
440,2,True,"Room, Staff",
440,3,True,"Room, Staff",
441,1,True,"Room, Location",
441,2,True,"Room, Location",
441,3,True,"Room, Location",
442,1,True,"Room, Food",
442,2,True,"Room, Food",
442,3,True,"Room, Food",
443,1,True,"Room, Staff, Off",
443,2,True,"Room, Staff, Off",
443,3,True,"Room, Staff, Off",
444,1,True,"Room, Staff, Off",
444,2,True,"Room, Staff, Off",
444,3,True,"Room, Staff, Off",
445,1,True,"Location, Food",
445,2,True,"Location, Food",
445,3,True,"Location, Food",
446,1,True,"Location, Food",
446,2,True,"Location, Food",
446,3,True,"Location, Food",
447,1,True,Staff,
447,2,True,Staff,
447,3,True,Staff,
448,1,True,"Room, Staff, Location, Facility",
448,2,True,"Room, Staff, Location, Facility",
448,3,True,"Room, Staff, Location, Facility",
449,1,True,"Location, Taxi-issue",
449,2,True,"Location, Taxi-issue",
449,3,True,"Location, Taxi-issue",
450,1,True,"Room, Staff",
450,2,True,"Room, Staff",
450,3,True,"Room, Staff",
451,1,True,"Room, Location, Facility",
451,2,True,"Room, Location, Facility",
451,3,True,"Room, Location, Facility",
452,1,True,"Room, Staff, Location, Facility, Check-in, Off",
452,2,True,"Room, Staff, Location, Facility, Check-in, Off",
452,3,True,"Room, Staff, Location, Facility, Check-in, Off",
453,1,True,"Room, Staff, Location, Check-in",
453,2,True,"Room, Staff, Location, Check-in",
453,3,True,"Room, Staff, Location, Check-in",
454,1,False,(parse failed),json_parse_error: Extra data: line 2 column 2 (char 207)
454,2,True,Off,
454,3,True,Off,
455,1,True,"Room, Location, Facility",
455,2,True,"Room, Location, Facility",
455,3,True,"Room, Location, Facility",
456,1,True,"Room, Staff, Location, Food, Price, Facility, Off, Booking-issue",
456,2,True,"Room, Staff, Location, Food, Price, Facility, Off, Booking-issue",
456,3,True,"Room, Staff, Location, Food, Price, Facility, Off, Booking-issue",
457,1,True,"Room, Location",
457,2,True,"Room, Location",
457,3,True,"Room, Location",
458,1,True,"Food, Facility",
458,2,True,"Food, Facility",
458,3,True,"Food, Facility",
459,1,True,Room,
459,2,True,Room,
459,3,True,Room,
460,1,True,"Room, Staff, Location, Price, Facility",
460,2,True,"Room, Staff, Location, Price, Facility",
460,3,True,"Room, Staff, Location, Price, Facility",
461,1,True,Staff,
461,2,True,Staff,
461,3,True,Staff,
462,1,True,Location,
462,2,True,Location,
462,3,True,Location,
463,1,False,(parse failed),json_parse_error: Expecting ':' delimiter: line 1 column 411 (char 410)
463,2,False,(parse failed),"json_parse_error: Expecting ',' delimiter: line 1 column 236 (char 235)"
463,3,False,(parse failed),"json_parse_error: Expecting ',' delimiter: line 1 column 236 (char 235)"
464,1,True,Room,
464,2,True,Room,
464,3,True,Room,
465,1,True,"Room, Location, Food",
465,2,True,"Room, Location, Food",
465,3,True,"Room, Location, Food",
466,1,True,Location,
466,2,True,Location,
466,3,True,Location,
467,1,True,Off,
467,2,True,Off,
467,3,True,Off,
468,1,True,"Room, Staff, Facility",
468,2,True,"Room, Staff, Facility",
468,3,True,"Room, Staff, Facility",
469,1,True,"Room, Staff",
469,2,True,"Room, Staff",
469,3,True,"Room, Staff",
470,1,True,Staff,
470,2,True,Staff,
470,3,True,Staff,
471,1,True,"Room, Staff, Location, Price",
471,2,True,"Room, Staff, Location, Price",
471,3,True,"Room, Staff, Location, Price",
472,1,True,Food,
472,2,True,Food,
472,3,True,Food,
473,1,True,"Room, Staff",
473,2,True,"Room, Staff",
473,3,True,"Room, Staff",
474,1,True,"Food, Price, Facility",
474,2,True,"Food, Price, Facility",
474,3,True,"Food, Price, Facility",
475,1,True,Room,
475,2,True,Room,
475,3,True,Room,
476,1,True,"Room, Staff, Location",
476,2,True,"Room, Staff, Location",
476,3,True,"Room, Staff, Location",
477,1,True,"Staff, Food",
477,2,True,"Staff, Food",
477,3,True,"Staff, Food",
478,1,True,"Room, Staff, Location",
478,2,True,"Room, Staff, Location",
478,3,True,"Room, Staff, Location",
479,1,True,"Room, Staff, Location, Food, Facility",
479,2,True,"Room, Staff, Location, Food, Facility",
479,3,True,"Room, Staff, Location, Food, Facility",
480,1,True,"Staff, Off",
480,2,True,"Staff, Off",
480,3,True,"Staff, Off",
481,1,True,Staff,
481,2,True,Staff,
481,3,True,Staff,
482,1,True,"Room, Staff",
482,2,True,"Room, Staff",
482,3,True,"Room, Staff",
483,1,True,"Staff, Location",
483,2,True,"Staff, Location",
483,3,True,"Staff, Location",
484,1,True,"Room, Staff, Location, Food",
484,2,True,"Room, Staff, Location, Food",
484,3,True,"Room, Staff, Location, Food",
485,1,True,Staff,
485,2,True,Staff,
485,3,True,Staff,
486,1,True,Room,
486,2,True,Room,
486,3,True,Room,
487,1,True,(none),
487,2,True,Off,
487,3,True,Off,
488,1,True,(none),
488,2,True,(none),
488,3,True,(none),
489,1,True,"Room, Staff, Location",
489,2,True,"Room, Staff, Location",
489,3,True,"Room, Staff, Location",
490,1,True,"Location, Food, Off",
490,2,True,"Location, Food, Off",
490,3,True,"Location, Food, Off",
491,1,True,"Room, Staff, Location",
491,2,True,"Room, Staff, Location",
491,3,True,"Room, Staff, Location",
492,1,True,"Room, Location",
492,2,True,"Room, Location",
492,3,True,"Room, Location",
493,1,True,Staff,
493,2,True,Staff,
493,3,True,Staff,
494,1,True,"Staff, Location",
494,2,True,"Staff, Location",
494,3,True,"Staff, Location",
495,1,True,Location,
495,2,True,Location,
495,3,True,Location,
496,1,True,"Staff, Location, Food",
496,2,True,"Staff, Location, Food",
496,3,True,"Staff, Location, Food",
497,1,True,"Room, Staff, Location, Food",
497,2,True,"Room, Staff, Location, Food",
497,3,True,"Room, Staff, Location, Food",
498,1,True,Staff,
498,2,True,Staff,
498,3,True,Staff,
499,1,True,"Room, Staff, Location, Facility",
499,2,True,"Room, Staff, Location, Facility",
499,3,True,"Room, Staff, Location, Facility",
500,1,True,Location,
500,2,True,Location,
500,3,True,Location,
501,1,True,"Room, Location, Food",
501,2,True,"Room, Location, Food",
501,3,True,"Room, Location, Food",
502,1,False,(parse failed),json_parse_error: Extra data: line 2 column 1 (char 190)
502,2,False,(parse failed),json_parse_error: Extra data: line 2 column 1 (char 190)
502,3,False,(parse failed),json_parse_error: Extra data: line 2 column 1 (char 190)
503,1,False,(parse failed),json_parse_error: Expecting value: line 1 column 1 (char 0)
503,2,True,"Room, Staff, Location",
503,3,True,"Room, Staff, Location",
504,1,True,(none),
504,2,True,(none),
504,3,True,(none),
505,1,True,"Room, Staff, Location, Food, Price",
505,2,True,"Room, Staff, Location, Food, Price",
505,3,True,"Room, Staff, Location, Food, Price",
506,1,True,"Location, Off",
506,2,True,"Location, Off",
506,3,True,"Location, Off",
507,1,True,"Room, Staff, Facility",
507,2,True,"Room, Staff, Facility",
507,3,True,"Room, Staff, Facility",
508,1,True,Off,
508,2,True,Off,
508,3,True,Off,
509,1,True,"Staff, Facility",
509,2,True,"Staff, Facility",
509,3,True,"Staff, Facility",
510,1,True,"Room, Location, Price, Facility",
510,2,True,"Room, Location, Price, Facility",
510,3,True,"Room, Location, Price, Facility",
511,1,False,(parse failed),json_parse_error: Extra data: line 2 column 1 (char 227)
511,2,False,(parse failed),json_parse_error: Extra data: line 2 column 1 (char 301)
511,3,False,(parse failed),json_parse_error: Extra data: line 2 column 1 (char 301)
512,1,True,Staff,
512,2,True,Staff,
512,3,True,Staff,
513,1,True,"Room, Location",
513,2,False,(parse failed),json_parse_error: Expecting value: line 1 column 1 (char 0)
513,3,False,(parse failed),json_parse_error: Expecting value: line 1 column 1 (char 0)
514,1,False,(parse failed),json_parse_error: Extra data: line 2 column 2 (char 207)
514,2,False,(parse failed),json_parse_error: Extra data: line 2 column 2 (char 207)
514,3,False,(parse failed),json_parse_error: Extra data: line 2 column 2 (char 207)
515,1,True,"Staff, Location, Facility, Check-in",
515,2,True,"Staff, Location, Facility, Check-in",
515,3,True,"Staff, Location, Facility, Check-in",
516,1,True,Staff,
516,2,True,Staff,
516,3,True,Staff,
517,1,True,"Staff, Facility",
517,2,True,"Staff, Facility",
517,3,True,"Staff, Facility",
518,1,True,(none),
518,2,True,Off,
518,3,True,Off,
519,1,True,"Staff, Location, Food",
519,2,True,"Staff, Location, Food",
519,3,True,"Staff, Location, Food",
521,1,True,"Room, Staff, Facility",
521,2,True,"Room, Staff, Facility",
521,3,True,"Room, Staff, Facility",
522,1,True,Staff,
522,2,True,Staff,
522,3,True,Staff,
523,1,True,Staff,
523,2,True,Staff,
523,3,True,Staff,
524,1,True,"Staff, Location, Food, Price",
524,2,True,"Staff, Location, Food, Price",
524,3,True,"Staff, Location, Food, Price",
525,1,True,Off,
525,2,True,Off,
525,3,True,Off,
526,1,True,Location,
526,2,True,Location,
526,3,True,Location,
527,1,True,"Staff, Location, Price",
527,2,True,"Staff, Location, Price",
527,3,True,"Staff, Location, Price",
528,1,True,"Location, Facility",
528,2,True,"Location, Facility",
528,3,True,"Location, Facility",
529,1,True,"Room, Staff, Facility",
529,2,True,"Room, Staff, Facility",
529,3,True,"Room, Staff, Facility",
530,1,True,"Staff, Location",
530,2,True,"Staff, Location",
530,3,True,"Staff, Location",
531,1,True,"Room, Staff, Location",
531,2,True,"Room, Staff, Location",
531,3,True,"Room, Staff, Location",
532,1,True,"Room, Location, Facility",
532,2,True,"Room, Location, Facility",
532,3,True,"Room, Location, Facility",
533,1,True,Food,
533,2,True,Food,
533,3,True,Food,
534,1,True,Food,
534,2,True,Food,
534,3,True,Food,
535,1,True,"Staff, Location",
535,2,True,"Staff, Location",
535,3,True,"Staff, Location",
536,1,True,"Location, Food",
536,2,True,"Location, Food",
536,3,True,"Location, Food",
537,1,False,(parse failed),json_parse_error: Extra data: line 2 column 1 (char 270)
537,2,False,(parse failed),json_parse_error: Extra data: line 2 column 1 (char 234)
537,3,False,(parse failed),json_parse_error: Extra data: line 2 column 1 (char 234)
538,1,True,"Room, Location, Check-in",
538,2,True,"Room, Location, Check-in",
538,3,True,"Room, Location, Check-in",
539,1,True,Staff,
539,2,True,Staff,
539,3,True,Staff,
540,1,True,"Room, Staff, Location",
540,2,True,"Room, Staff, Location",
540,3,True,"Room, Staff, Location",
541,1,True,"Staff, Location, Facility",
541,2,True,"Staff, Location, Facility",
541,3,True,"Staff, Location, Facility",
542,1,True,"Room, Location, Check-in, Check-out",
542,2,True,"Room, Location, Check-in, Check-out",
542,3,True,"Room, Location, Check-in, Check-out",
543,1,False,(parse failed),json_parse_error: Extra data: line 2 column 2 (char 206)
543,2,False,(parse failed),json_parse_error: Extra data: line 2 column 2 (char 206)
543,3,False,(parse failed),json_parse_error: Extra data: line 2 column 2 (char 206)
544,1,True,Off,
544,2,True,Off,
544,3,True,Off,
545,1,True,"Food, Off",
545,2,True,"Food, Off",
545,3,True,"Food, Off",
546,1,False,(parse failed),json_parse_error: Extra data: line 3 column 2 (char 186)
546,2,False,(parse failed),json_parse_error: Extra data: line 2 column 1 (char 184)
546,3,False,(parse failed),json_parse_error: Extra data: line 2 column 1 (char 184)
547,1,True,"Room, Location",
547,2,True,"Room, Location",
547,3,True,"Room, Location",
548,1,True,Food,
548,2,True,Food,
548,3,True,Food,
549,1,True,"Staff, Location",
549,2,True,"Staff, Location",
549,3,True,"Staff, Location",
550,1,True,"Room, Staff",
550,2,True,"Room, Staff",
550,3,True,"Room, Staff",
551,1,True,"Staff, Location",
551,2,True,"Staff, Location",
551,3,True,"Staff, Location",
552,1,True,"Room, Location, Facility, Off",
552,2,True,"Room, Location, Facility, Off",
552,3,True,"Room, Location, Facility, Off",
553,1,True,"Room, Staff",
553,2,True,"Room, Staff",
553,3,True,"Room, Staff",
554,1,True,"Staff, Location, Facility",
554,2,True,"Staff, Location, Facility",
554,3,True,"Staff, Location, Facility",
555,1,True,"Room, Staff, Location, Facility",
555,2,True,"Room, Staff, Location, Facility",
555,3,True,"Room, Staff, Location, Facility",
556,1,True,"Room, Location, Price, Facility",
556,2,True,"Room, Location, Price, Facility",
556,3,True,"Room, Location, Price, Facility",
557,1,True,"Staff, Food, Price",
557,2,True,"Staff, Food, Price",
557,3,True,"Staff, Food, Price",
558,1,True,"Check-in, Off",
558,2,True,"Check-in, Off",
558,3,True,"Check-in, Off",
559,1,True,(none),
559,2,True,(none),
559,3,True,(none),
560,1,False,(parse failed),json_parse_error: Extra data: line 3 column 1 (char 237)
560,2,False,(parse failed),json_parse_error: Extra data: line 2 column 1 (char 202)
560,3,False,(parse failed),json_parse_error: Extra data: line 2 column 1 (char 202)
561,1,True,"Staff, Off",
561,2,True,"Staff, Off",
561,3,True,"Staff, Off",
562,1,True,"Room, Location",
562,2,True,"Room, Location",
562,3,True,"Room, Location",
564,1,False,"Room, Staff, Check-in",'Check-out' is a required property
564,2,False,"Room, Staff, Check-in",'Check-out' is a required property
564,3,False,"Room, Staff, Check-in",'Check-out' is a required property
565,1,True,"Room, Staff, Location, Food",
565,2,True,"Room, Staff, Location, Food",
565,3,True,"Room, Staff, Location, Food",
566,1,True,"Staff, Location",
566,2,True,"Staff, Location",
566,3,True,"Staff, Location",
567,1,True,Staff,
567,2,True,Staff,
567,3,True,Staff,
568,1,True,"Off, Taxi-issue",
568,2,True,"Off, Taxi-issue",
568,3,True,"Off, Taxi-issue",
569,1,True,"Room, Staff, Location, Facility, Taxi-issue",
569,2,True,"Room, Staff, Location, Facility, Taxi-issue",
569,3,True,"Room, Staff, Location, Facility, Taxi-issue",
570,1,True,Staff,
570,2,True,Staff,
570,3,True,Staff,
571,1,True,"Location, Food",
571,2,True,"Location, Food",
571,3,True,"Location, Food",
572,1,True,"Staff, Facility",
572,2,True,"Staff, Facility",
572,3,True,"Staff, Facility",
573,1,True,"Room, Facility",
573,2,True,"Room, Facility",
573,3,True,"Room, Facility",
574,1,True,Off,
574,2,True,(none),
574,3,True,(none),
575,1,True,Staff,
575,2,True,Staff,
575,3,True,Staff,
576,1,True,"Staff, Food, Price",
576,2,True,"Staff, Food, Price",
576,3,True,"Staff, Food, Price",
577,1,True,Off,
577,2,True,Off,
577,3,True,Off,
578,1,True,"Room, Staff, Food, Check-in, Taxi-issue",
578,2,True,"Room, Staff, Food, Check-in, Off, Taxi-issue",
578,3,True,"Room, Staff, Food, Check-in, Off, Taxi-issue",
579,1,True,Location,
579,2,True,Location,
579,3,True,Location,
580,1,True,Staff,
580,2,True,Staff,
580,3,True,Staff,
581,1,False,(parse failed),json_parse_error: Extra data: line 2 column 2 (char 223)
581,2,False,(parse failed),json_parse_error: Extra data: line 2 column 2 (char 204)
581,3,False,(parse failed),json_parse_error: Extra data: line 2 column 2 (char 204)
582,1,True,"Room, Staff",
582,2,True,"Room, Staff",
582,3,True,"Room, Staff",
583,1,True,"Room, Off",
583,2,True,"Room, Off",
583,3,True,"Room, Off",
584,1,True,Staff,
584,2,True,Staff,
584,3,True,Staff,
585,1,True,"Staff, Facility",
585,2,True,"Staff, Facility",
585,3,True,"Staff, Facility",
586,1,True,"Staff, Location",
586,2,True,"Staff, Location",
586,3,True,"Staff, Location",
587,1,True,"Staff, Location",
587,2,True,"Staff, Location",
587,3,True,"Staff, Location",
588,1,True,Location,
588,2,True,Location,
588,3,True,Location,
589,1,True,"Room, Location, Facility, Check-in",
589,2,True,"Room, Location, Facility, Check-in",
589,3,True,"Room, Location, Facility, Check-in",
590,1,True,"Room, Staff, Location, Price",
590,2,True,"Room, Staff, Location, Price",
590,3,True,"Room, Staff, Location, Price",
591,1,True,Food,
591,2,True,Food,
591,3,True,Food,
592,1,True,Staff,
592,2,True,Staff,
592,3,True,Staff,
593,1,True,Food,
593,2,True,Food,
593,3,True,Food,
594,1,True,"Staff, Location, Food, Facility",
594,2,True,"Staff, Location, Food, Facility",
594,3,True,"Staff, Location, Food, Facility",
595,1,True,"Food, Price",
595,2,True,"Food, Price",
595,3,True,"Food, Price",
596,1,True,Room,
596,2,True,Room,
596,3,True,Room,
597,1,True,"Room, Location, Food, Facility",
597,2,True,"Room, Location, Food, Facility",
597,3,True,"Room, Location, Food, Facility",
598,1,True,Staff,
598,2,True,Staff,
598,3,True,Staff,
599,1,True,"Room, Staff, Location, Food, Facility",
599,2,True,"Room, Staff, Location, Food, Facility",
599,3,True,"Room, Staff, Location, Food, Facility",
600,1,True,"Price, Facility",
600,2,True,"Price, Facility",
600,3,True,"Price, Facility",
601,1,True,(none),
601,2,True,(none),
601,3,True,(none),
602,1,True,Location,
602,2,True,Location,
602,3,True,Location,
603,1,True,"Staff, Facility",
603,2,True,"Staff, Facility",
603,3,True,"Staff, Facility",
604,1,True,Off,
604,2,True,Off,
604,3,True,Off,
605,1,True,Staff,
605,2,True,Staff,
605,3,True,Staff,
606,1,False,(parse failed),json_parse_error: Extra data: line 2 column 1 (char 183)
606,2,False,(parse failed),json_parse_error: Extra data: line 2 column 1 (char 183)
606,3,False,(parse failed),json_parse_error: Extra data: line 2 column 1 (char 183)
607,1,True,"Room, Staff, Location",
607,2,True,"Room, Staff, Location",
607,3,True,"Room, Staff, Location",
608,1,True,Room,
608,2,True,Room,
608,3,True,Room,
609,1,True,"Room, Price",
609,2,True,"Room, Price",
609,3,True,"Room, Price",
610,1,True,"Location, Food, Facility",
610,2,True,"Location, Food, Facility",
610,3,True,"Location, Food, Facility",
611,1,True,"Room, Staff, Location, Food, Price",
611,2,True,"Room, Staff, Location, Food, Price",
611,3,True,"Room, Staff, Location, Food, Price",
612,1,True,"Room, Staff, Location, Off",
612,2,True,"Room, Staff, Location, Off",
612,3,True,"Room, Staff, Location, Off",
613,1,True,"Room, Staff, Food",
613,2,False,(parse failed),json_parse_error: Extra data: line 3 column 1 (char 187)
613,3,False,(parse failed),json_parse_error: Extra data: line 3 column 1 (char 187)
614,1,True,"Room, Staff, Location, Off",
614,2,True,"Room, Staff, Location, Off",
614,3,True,"Room, Staff, Location, Off",
615,1,True,"Staff, Taxi-issue",
615,2,True,"Staff, Taxi-issue",
615,3,True,"Staff, Taxi-issue",
616,1,True,"Staff, Location",
616,2,True,"Staff, Location",
616,3,True,"Staff, Location",
617,1,True,"Staff, Location",
617,2,True,"Staff, Location",
617,3,True,"Staff, Location",
618,1,True,Location,
618,2,True,Location,
618,3,True,Location,
619,1,True,"Location, Food, Price",
619,2,True,"Location, Food, Price",
619,3,True,"Location, Food, Price",
620,1,True,"Room, Staff, Location, Booking-issue",
620,2,True,"Room, Staff, Location, Booking-issue",
620,3,True,"Room, Staff, Location, Booking-issue",
621,1,True,Food,
621,2,True,Food,
621,3,True,Food,
622,1,True,"Room, Staff",
622,2,True,"Room, Staff",
622,3,True,"Room, Staff",
623,1,True,Location,
623,2,True,Location,
623,3,True,Location,
624,1,True,"Room, Staff, Off",
624,2,True,"Room, Staff, Off",
624,3,True,"Room, Staff, Off",
625,1,True,Location,
625,2,True,Location,
625,3,True,Location,
626,1,True,"Room, Staff, Food, Facility",
626,2,True,"Room, Staff, Food, Facility",
626,3,True,"Room, Staff, Food, Facility",
627,1,True,"Staff, Location, Facility",
627,2,True,"Staff, Location, Facility",
627,3,True,"Staff, Location, Facility",
628,1,True,"Staff, Location",
628,2,True,"Staff, Location",
628,3,True,"Staff, Location",
629,1,True,"Staff, Taxi-issue",
629,2,True,"Staff, Taxi-issue",
629,3,True,"Staff, Taxi-issue",
630,1,True,Staff,
630,2,True,Staff,
630,3,True,Staff,
631,1,True,"Price, Facility",
631,2,True,"Price, Facility",
631,3,True,"Price, Facility",
632,1,True,"Room, Location",
632,2,True,"Room, Location",
632,3,True,"Room, Location",
633,1,True,"Staff, Location, Check-in",
633,2,True,"Staff, Location, Check-in",
633,3,True,"Staff, Location, Check-in",
634,1,True,Off,
634,2,True,Off,
634,3,True,Off,
635,1,True,"Staff, Location",
635,2,True,"Staff, Location",
635,3,True,"Staff, Location",
636,1,True,"Staff, Food",
636,2,True,"Staff, Food",
636,3,True,"Staff, Food",
637,1,True,Location,
637,2,True,Location,
637,3,True,Location,
638,1,True,"Room, Staff, Location",
638,2,True,"Room, Staff, Location",
638,3,True,"Room, Staff, Location",
639,1,True,"Room, Check-in, Check-out",
639,2,True,"Room, Check-in, Check-out",
639,3,True,"Room, Check-in, Check-out",
640,1,False,(parse failed),json_parse_error: Extra data: line 3 column 1 (char 189)
640,2,False,(parse failed),json_parse_error: Extra data: line 3 column 1 (char 189)
640,3,False,(parse failed),json_parse_error: Extra data: line 3 column 1 (char 189)
641,1,True,"Room, Staff, Location",
641,2,True,"Room, Staff, Location",
641,3,True,"Room, Staff, Location",
642,1,True,"Staff, Location, Food",
642,2,True,"Staff, Location, Food",
642,3,True,"Staff, Location, Food",
643,1,True,"Room, Food, Price",
643,2,True,"Room, Food, Price",
643,3,True,"Room, Food, Price",
644,1,True,"Room, Location, Facility",
644,2,True,"Room, Location, Facility",
644,3,True,"Room, Location, Facility",
645,1,True,Off,
645,2,True,Off,
645,3,True,Off,
646,1,True,"Room, Staff, Location, Facility",
646,2,True,"Room, Staff, Location, Facility",
646,3,True,"Room, Staff, Location, Facility",
647,1,False,(parse failed),json_parse_error: Extra data: line 2 column 2 (char 211)
647,2,True,Off,
647,3,True,Off,
648,1,True,Staff,
648,2,True,Staff,
648,3,True,Staff,
649,1,True,"Room, Staff, Location",
649,2,True,"Room, Staff, Location",
649,3,True,"Room, Staff, Location",
650,1,True,"Room, Staff, Location, Food",
650,2,True,"Room, Staff, Location, Food",
650,3,True,"Room, Staff, Location, Food",
651,1,True,Staff,
651,2,True,Staff,
651,3,True,Staff,
652,1,True,Location,
652,2,True,Location,
652,3,True,Location,
653,1,True,"Staff, Location",
653,2,True,"Staff, Location",
653,3,True,"Staff, Location",
654,1,False,(parse failed),json_parse_error: Extra data: line 17 column 1 (char 261)
654,2,False,(parse failed),json_parse_error: Extra data: line 17 column 1 (char 261)
654,3,False,(parse failed),json_parse_error: Extra data: line 17 column 1 (char 261)
655,1,True,"Room, Location",
655,2,True,"Room, Location",
655,3,True,"Room, Location",
656,1,True,"Room, Staff, Facility",
656,2,True,"Room, Staff, Facility",
656,3,True,"Room, Staff, Facility",
657,1,True,"Room, Staff",
657,2,True,"Room, Staff",
657,3,True,"Room, Staff",
658,1,True,Food,
658,2,True,Food,
658,3,True,Food,
659,1,True,"Room, Staff",
659,2,True,"Room, Staff",
659,3,True,"Room, Staff",
660,1,True,"Room, Staff, Food, Facility, Check-in, Check-out, Taxi-issue",
660,2,True,"Room, Staff, Food, Facility",
660,3,True,"Room, Staff, Food, Facility",
661,1,True,"Room, Location, Facility",
661,2,True,"Room, Location, Facility",
661,3,True,"Room, Location, Facility",
662,1,True,"Staff, Location",
662,2,True,"Staff, Location",
662,3,True,"Staff, Location",
663,1,True,"Room, Location, Food, Facility",
663,2,True,"Room, Location, Food, Facility",
663,3,True,"Room, Location, Food, Facility",
664,1,True,"Room, Staff",
664,2,True,"Room, Staff",
664,3,True,"Room, Staff",
665,1,True,"Room, Location, Food",
665,2,True,"Room, Location, Food",
665,3,True,"Room, Location, Food",
666,1,True,"Staff, Location, Taxi-issue",
666,2,True,"Staff, Location, Taxi-issue",
666,3,True,"Staff, Location, Taxi-issue",
667,1,True,"Room, Staff, Location",
667,2,True,"Room, Staff, Location",
667,3,True,"Room, Staff, Location",
668,1,True,Location,
668,2,True,Location,
668,3,True,Location,
669,1,True,"Room, Food, Facility",
669,2,True,"Room, Food, Facility",
669,3,True,"Room, Food, Facility",
670,1,True,"Room, Location",
670,2,True,"Room, Location",
670,3,True,"Room, Location",
671,1,True,Facility,
671,2,True,Facility,
671,3,True,Facility,
672,1,False,(parse failed),json_parse_error: Invalid control character at: line 1 column 192 (char 191)
672,2,False,(parse failed),json_parse_error: Invalid control character at: line 1 column 192 (char 191)
672,3,False,(parse failed),json_parse_error: Invalid control character at: line 1 column 192 (char 191)
673,1,True,"Staff, Location, Food",
673,2,True,"Staff, Location, Food",
673,3,True,"Staff, Location, Food",
674,1,True,Staff,
674,2,True,Staff,
674,3,True,Staff,
675,1,True,"Room, Staff, Facility",
675,2,True,"Room, Staff, Facility",
675,3,True,"Room, Staff, Facility",
676,1,True,"Room, Staff, Location, Facility",
676,2,True,"Room, Staff, Location, Facility",
676,3,True,"Room, Staff, Location, Facility",
677,1,True,(none),
677,2,True,(none),
677,3,True,(none),
678,1,True,Location,
678,2,True,Location,
678,3,True,Location,
679,1,True,"Room, Staff",
679,2,True,"Room, Staff",
679,3,True,"Room, Staff",
680,1,True,Location,
680,2,True,Location,
680,3,True,Location,
681,1,True,"Staff, Location",
681,2,True,"Staff, Location",
681,3,True,"Staff, Location",
682,1,True,Location,
682,2,True,Location,
682,3,True,Location,
683,1,True,Staff,
683,2,True,Staff,
683,3,True,Staff,
684,1,True,"Staff, Food",
684,2,True,(none),
684,3,True,(none),
685,1,True,"Staff, Location, Food, Price",
685,2,True,"Staff, Location, Food, Price",
685,3,True,"Staff, Location, Food, Price",
686,1,True,"Room, Staff",
686,2,True,"Room, Staff",
686,3,True,"Room, Staff",
687,1,True,"Staff, Location, Food",
687,2,True,"Staff, Location, Food",
687,3,True,"Staff, Location, Food",
688,1,True,Location,
688,2,True,Location,
688,3,True,Location,
689,1,True,Taxi-issue,
689,2,True,Taxi-issue,
689,3,True,Taxi-issue,
690,1,True,Location,
690,2,True,Location,
690,3,True,Location,
691,1,True,Staff,
691,2,True,Staff,
691,3,True,Staff,
692,1,True,Staff,
692,2,True,Staff,
692,3,True,Staff,
693,1,True,"Location, Price, Facility, Off, Taxi-issue",
693,2,True,"Location, Facility",
693,3,True,"Location, Facility",
694,1,True,"Room, Staff, Location, Food, Price",
694,2,True,"Room, Staff, Location, Food, Price",
694,3,True,"Room, Staff, Location, Food, Price",
695,1,True,"Room, Staff",
695,2,True,"Room, Staff",
695,3,True,"Room, Staff",
696,1,True,"Location, Food",
696,2,True,"Location, Food",
696,3,True,"Location, Food",
697,1,True,"Room, Staff, Facility",
697,2,True,"Room, Staff, Facility",
697,3,True,"Room, Staff, Facility",
698,1,True,Location,
698,2,True,Location,
698,3,True,Location,
699,1,True,Staff,
699,2,True,Staff,
699,3,True,Staff,
700,1,True,"Room, Location, Facility",
700,2,True,"Room, Location, Facility",
700,3,True,"Room, Location, Facility",
701,1,True,"Staff, Location",
701,2,True,"Staff, Location",
701,3,True,"Staff, Location",
702,1,True,"Room, Staff, Food",
702,2,True,"Room, Staff, Food",
702,3,True,"Room, Staff, Food",
703,1,True,"Room, Staff, Food, Off",
703,2,True,"Room, Staff, Food",
703,3,True,"Room, Staff, Food",
704,1,True,Location,
704,2,True,Location,
704,3,True,Location,
705,1,True,"Staff, Food",
705,2,True,"Staff, Food",
705,3,True,"Staff, Food",
706,1,True,Location,
706,2,True,Location,
706,3,True,Location,
707,1,True,"Room, Facility",
707,2,True,"Room, Facility",
707,3,True,"Room, Facility",
708,1,True,Location,
708,2,True,Location,
708,3,True,Location,
709,1,True,Staff,
709,2,True,Staff,
709,3,True,Staff,
710,1,True,Food,
710,2,True,Food,
710,3,True,Food,
711,1,False,(parse failed),json_parse_error: Extra data: line 3 column 2 (char 210)
711,2,False,(parse failed),json_parse_error: Extra data: line 3 column 2 (char 210)
711,3,False,(parse failed),json_parse_error: Extra data: line 3 column 2 (char 210)
712,1,True,Room,
712,2,True,Room,
712,3,True,Room,
713,1,True,Location,
713,2,True,Location,
713,3,True,Location,
714,1,True,Staff,
714,2,True,Staff,
714,3,True,Staff,
715,1,True,"Staff, Price",
715,2,True,"Staff, Price",
715,3,True,"Staff, Price",
716,1,True,"Room, Staff",
716,2,True,"Room, Staff",
716,3,True,"Room, Staff",
717,1,True,Staff,
717,2,True,Staff,
717,3,True,Staff,
718,1,True,"Room, Staff, Location",
718,2,True,"Room, Staff, Location",
718,3,True,"Room, Staff, Location",
719,1,True,"Room, Location, Facility",
719,2,True,"Room, Location, Facility",
719,3,True,"Room, Location, Facility",
720,1,True,"Room, Facility",
720,2,True,"Room, Facility",
720,3,True,"Room, Facility",
721,1,True,Staff,
721,2,True,Staff,
721,3,True,Staff,
722,1,True,"Room, Staff, Location, Food, Facility",
722,2,True,"Room, Staff, Location, Food, Facility",
722,3,True,"Room, Staff, Location, Food, Facility",
723,1,False,(parse failed),json_parse_error: Extra data: line 2 column 1 (char 202)
723,2,False,(parse failed),json_parse_error: Extra data: line 2 column 1 (char 202)
723,3,False,(parse failed),json_parse_error: Extra data: line 2 column 1 (char 202)
724,1,False,(parse failed),json_parse_error: Extra data: line 2 column 2 (char 210)
724,2,True,(none),
724,3,True,(none),
725,1,True,Staff,
725,2,True,Staff,
725,3,True,Staff,
726,1,True,"Room, Staff, Location",
726,2,True,"Room, Staff, Location",
726,3,True,"Room, Staff, Location",
727,1,True,"Staff, Location",
727,2,True,"Staff, Location",
727,3,True,"Staff, Location",
728,1,True,Off,
728,2,True,Off,
728,3,True,Off,
729,1,False,(parse failed),json_parse_error: Extra data: line 2 column 1 (char 203)
729,2,False,(parse failed),json_parse_error: Extra data: line 2 column 1 (char 203)
729,3,False,(parse failed),json_parse_error: Extra data: line 2 column 1 (char 203)
730,1,True,"Location, Facility",
730,2,True,"Location, Facility",
730,3,True,"Location, Facility",
731,1,True,"Room, Staff",
731,2,True,"Room, Staff",
731,3,True,"Room, Staff",
732,1,True,"Staff, Location",
732,2,True,"Staff, Location",
732,3,True,"Staff, Location",
733,1,True,"Staff, Location, Facility",
733,2,True,"Staff, Location, Facility",
733,3,True,"Staff, Location, Facility",
734,1,True,Off,
734,2,True,Off,
734,3,True,Off,
735,1,True,"Staff, Location, Food, Facility",
735,2,True,"Staff, Location, Food, Facility",
735,3,True,"Staff, Location, Food, Facility",
736,1,True,Staff,
736,2,True,Staff,
736,3,True,Staff,
737,1,True,"Location, Food, Price",
737,2,True,"Location, Food, Price",
737,3,True,"Location, Food, Price",
738,1,True,"Room, Food, Facility",
738,2,True,"Room, Food, Facility",
738,3,True,"Room, Food, Facility",
739,1,True,"Room, Staff, Location, Price, Facility",
739,2,True,"Room, Staff, Location, Price, Facility",
739,3,True,"Room, Staff, Location, Price, Facility",
740,1,False,(parse failed),json_parse_error: Extra data: line 2 column 1 (char 206)
740,2,False,(parse failed),json_parse_error: Extra data: line 2 column 1 (char 206)
740,3,False,(parse failed),json_parse_error: Extra data: line 2 column 1 (char 206)
741,1,False,(parse failed),json_parse_error: Extra data: line 2 column 2 (char 212)
741,2,False,(parse failed),json_parse_error: Extra data: line 2 column 1 (char 203)
741,3,False,(parse failed),json_parse_error: Extra data: line 2 column 1 (char 203)
742,1,True,Room,
742,2,True,Room,
742,3,True,Room,
743,1,True,"Room, Location",
743,2,True,"Room, Location",
743,3,True,"Room, Location",
744,1,True,Room,
744,2,True,Room,
744,3,True,Room,
745,1,True,Off,
745,2,True,Off,
745,3,True,Off,
746,1,True,"Room, Staff",
746,2,True,"Room, Staff",
746,3,True,"Room, Staff",
747,1,True,Room,
747,2,True,Room,
747,3,True,Room,
748,1,True,Location,
748,2,True,Location,
748,3,True,Location,
749,1,True,"Room, Location",
749,2,True,"Room, Location",
749,3,True,"Room, Location",
750,1,True,"Staff, Location",
750,2,True,"Staff, Location",
750,3,True,"Staff, Location",
751,1,True,Room,
751,2,True,Room,
751,3,True,Room,
752,1,True,Room,
752,2,True,Room,
752,3,True,Room,
753,1,True,Room,
753,2,True,Room,
753,3,True,Room,
754,1,True,Price,
754,2,True,Price,
754,3,True,Price,
755,1,False,(parse failed),json_parse_error: Extra data: line 2 column 2 (char 210)
755,2,False,(parse failed),json_parse_error: Extra data: line 2 column 2 (char 210)
755,3,False,(parse failed),json_parse_error: Extra data: line 2 column 2 (char 210)
756,1,True,Location,
756,2,True,Location,
756,3,True,Location,
757,1,True,Food,
757,2,True,Food,
757,3,True,Food,
758,1,True,"Room, Staff",
758,2,True,"Room, Staff",
758,3,True,"Room, Staff",
759,1,False,(parse failed),json_parse_error: Extra data: line 2 column 1 (char 199)
759,2,False,(parse failed),json_parse_error: Extra data: line 2 column 1 (char 199)
759,3,False,(parse failed),json_parse_error: Extra data: line 2 column 1 (char 199)
760,1,True,Location,
760,2,True,Location,
760,3,True,Location,
761,1,True,Room,
761,2,True,Room,
761,3,True,Room,
762,1,True,"Room, Location",
762,2,True,"Room, Location",
762,3,True,"Room, Location",
763,1,True,Room,
763,2,True,Room,
763,3,True,Room,
764,1,True,"Room, Staff",
764,2,True,"Room, Staff",
764,3,True,"Room, Staff",
765,1,True,"Room, Location, Facility",
765,2,True,"Room, Location, Facility",
765,3,True,"Room, Location, Facility",
766,1,True,"Room, Booking-issue",
766,2,True,"Room, Booking-issue",
766,3,True,"Room, Booking-issue",
767,1,True,"Room, Location, Price",
767,2,True,"Room, Location, Price",
767,3,True,"Room, Location, Price",
768,1,False,(parse failed),json_parse_error: Expecting value: line 1 column 1 (char 0)
768,2,False,(parse failed),json_parse_error: Expecting value: line 1 column 1 (char 0)
768,3,False,(parse failed),json_parse_error: Expecting value: line 1 column 1 (char 0)
769,1,True,"Location, Off",
769,2,True,"Location, Off",
769,3,True,"Location, Off",
770,1,True,"Staff, Price",
770,2,True,"Staff, Price",
770,3,True,"Staff, Price",
771,1,True,"Staff, Location, Food",
771,2,True,"Staff, Location, Food",
771,3,True,"Staff, Location, Food",
772,1,True,Facility,
772,2,True,Facility,
772,3,True,Facility,
773,1,True,"Room, Location",
773,2,True,"Room, Location",
773,3,True,"Room, Location",
774,1,False,(parse failed),json_parse_error: Extra data: line 2 column 1 (char 200)
774,2,False,(parse failed),json_parse_error: Extra data: line 2 column 1 (char 200)
774,3,False,(parse failed),json_parse_error: Extra data: line 2 column 1 (char 200)
775,1,True,"Price, Off",
775,2,True,"Price, Off",
775,3,True,"Price, Off",
776,1,True,Location,
776,2,True,Location,
776,3,True,Location,
777,1,True,"Room, Staff, Food, Price, Facility",
777,2,True,"Room, Staff, Food, Price, Facility",
777,3,True,"Room, Staff, Food, Price, Facility",
778,1,True,"Location, Price",
778,2,True,"Location, Price",
778,3,True,"Location, Price",
779,1,False,(parse failed),json_parse_error: Extra data: line 3 column 1 (char 209)
779,2,False,(parse failed),json_parse_error: Extra data: line 3 column 1 (char 209)
779,3,False,(parse failed),json_parse_error: Extra data: line 3 column 1 (char 209)
780,1,True,"Room, Location",
780,2,True,"Room, Location",
780,3,True,"Room, Location",
781,1,True,"Staff, Food",
781,2,True,"Staff, Food",
781,3,True,"Staff, Food",
782,1,True,"Room, Food, Facility",
782,2,True,"Room, Food, Facility",
782,3,True,"Room, Food, Facility",
783,1,True,"Staff, Facility",
783,2,True,"Staff, Facility",
783,3,True,"Staff, Facility",
784,1,True,"Room, Staff, Location",
784,2,True,"Room, Staff, Location",
784,3,True,"Room, Staff, Location",
785,1,True,Staff,
785,2,True,Staff,
785,3,True,Staff,
2484,1,True,(none),
2484,2,True,(none),
2484,3,True,(none),
