Review_ID,Topic,Span_Index,Text,Label,Review_Text
9,Room,1,,,"PositiveReview — ""couldn't eat breakfast due to dietary restrictions-but very helpful host showed us..."
9,Staff,1,,,"PositiveReview — ""couldn't eat breakfast due to dietary restrictions-but very helpful host showed us..."
9,Location,1,,,"PositiveReview — ""couldn't eat breakfast due to dietary restrictions-but very helpful host showed us..."
9,Food,1,,,"PositiveReview — ""couldn't eat breakfast due to dietary restrictions-but very helpful host showed us..."
9,Price,1,,,"PositiveReview — ""couldn't eat breakfast due to dietary restrictions-but very helpful host showed us..."
9,Facility,1,,,"PositiveReview — ""couldn't eat breakfast due to dietary restrictions-but very helpful host showed us..."
9,Check-in,1,,,"PositiveReview — ""couldn't eat breakfast due to dietary restrictions-but very helpful host showed us..."
9,Check-out,1,,,"PositiveReview — ""couldn't eat breakfast due to dietary restrictions-but very helpful host showed us..."
9,Off,1,,,"PositiveReview — ""couldn't eat breakfast due to dietary restrictions-but very helpful host showed us..."
9,Booking-issue,1,,,"PositiveReview — ""couldn't eat breakfast due to dietary restrictions-but very helpful host showed us..."
9,Taxi-issue,1,,,"PositiveReview — ""couldn't eat breakfast due to dietary restrictions-but very helpful host showed us..."
10,Room,1,,,"PositiveReview — ""Great modern room comfortable bed and quiet location.""
NegativeReview — """""
10,Staff,1,,,"PositiveReview — ""Great modern room comfortable bed and quiet location.""
NegativeReview — """""
10,Location,1,,,"PositiveReview — ""Great modern room comfortable bed and quiet location.""
NegativeReview — """""
10,Food,1,,,"PositiveReview — ""Great modern room comfortable bed and quiet location.""
NegativeReview — """""
10,Price,1,,,"PositiveReview — ""Great modern room comfortable bed and quiet location.""
NegativeReview — """""
10,Facility,1,,,"PositiveReview — ""Great modern room comfortable bed and quiet location.""
NegativeReview — """""
10,Check-in,1,,,"PositiveReview — ""Great modern room comfortable bed and quiet location.""
NegativeReview — """""
10,Check-out,1,,,"PositiveReview — ""Great modern room comfortable bed and quiet location.""
NegativeReview — """""
10,Off,1,,,"PositiveReview — ""Great modern room comfortable bed and quiet location.""
NegativeReview — """""
10,Booking-issue,1,,,"PositiveReview — ""Great modern room comfortable bed and quiet location.""
NegativeReview — """""
10,Taxi-issue,1,,,"PositiveReview — ""Great modern room comfortable bed and quiet location.""
NegativeReview — """""
50,Room,1,,,"PositiveReview — ""Great little hotel close to airport""
NegativeReview — ""Not very Soundproof"""
50,Staff,1,,,"PositiveReview — ""Great little hotel close to airport""
NegativeReview — ""Not very Soundproof"""
50,Location,1,,,"PositiveReview — ""Great little hotel close to airport""
NegativeReview — ""Not very Soundproof"""
50,Food,1,,,"PositiveReview — ""Great little hotel close to airport""
NegativeReview — ""Not very Soundproof"""
50,Price,1,,,"PositiveReview — ""Great little hotel close to airport""
NegativeReview — ""Not very Soundproof"""
50,Facility,1,,,"PositiveReview — ""Great little hotel close to airport""
NegativeReview — ""Not very Soundproof"""
50,Check-in,1,,,"PositiveReview — ""Great little hotel close to airport""
NegativeReview — ""Not very Soundproof"""
50,Check-out,1,,,"PositiveReview — ""Great little hotel close to airport""
NegativeReview — ""Not very Soundproof"""
50,Off,1,,,"PositiveReview — ""Great little hotel close to airport""
NegativeReview — ""Not very Soundproof"""
50,Booking-issue,1,,,"PositiveReview — ""Great little hotel close to airport""
NegativeReview — ""Not very Soundproof"""
50,Taxi-issue,1,,,"PositiveReview — ""Great little hotel close to airport""
NegativeReview — ""Not very Soundproof"""
51,Room,1,,,"PositiveReview — ""Near airport, nice clean room, very well kept. staff very helpful and friendly. go..."
51,Staff,1,,,"PositiveReview — ""Near airport, nice clean room, very well kept. staff very helpful and friendly. go..."
51,Location,1,,,"PositiveReview — ""Near airport, nice clean room, very well kept. staff very helpful and friendly. go..."
51,Food,1,,,"PositiveReview — ""Near airport, nice clean room, very well kept. staff very helpful and friendly. go..."
51,Price,1,,,"PositiveReview — ""Near airport, nice clean room, very well kept. staff very helpful and friendly. go..."
51,Facility,1,,,"PositiveReview — ""Near airport, nice clean room, very well kept. staff very helpful and friendly. go..."
51,Check-in,1,,,"PositiveReview — ""Near airport, nice clean room, very well kept. staff very helpful and friendly. go..."
51,Check-out,1,,,"PositiveReview — ""Near airport, nice clean room, very well kept. staff very helpful and friendly. go..."
51,Off,1,,,"PositiveReview — ""Near airport, nice clean room, very well kept. staff very helpful and friendly. go..."
51,Booking-issue,1,,,"PositiveReview — ""Near airport, nice clean room, very well kept. staff very helpful and friendly. go..."
51,Taxi-issue,1,,,"PositiveReview — ""Near airport, nice clean room, very well kept. staff very helpful and friendly. go..."
59,Room,1,,,"PositiveReview — ""Close to airport so very convenient for overnight stay. Also very easy to check-in..."
59,Staff,1,,,"PositiveReview — ""Close to airport so very convenient for overnight stay. Also very easy to check-in..."
59,Location,1,,,"PositiveReview — ""Close to airport so very convenient for overnight stay. Also very easy to check-in..."
59,Food,1,,,"PositiveReview — ""Close to airport so very convenient for overnight stay. Also very easy to check-in..."
59,Price,1,,,"PositiveReview — ""Close to airport so very convenient for overnight stay. Also very easy to check-in..."
59,Facility,1,,,"PositiveReview — ""Close to airport so very convenient for overnight stay. Also very easy to check-in..."
59,Check-in,1,,,"PositiveReview — ""Close to airport so very convenient for overnight stay. Also very easy to check-in..."
59,Check-out,1,,,"PositiveReview — ""Close to airport so very convenient for overnight stay. Also very easy to check-in..."
59,Off,1,,,"PositiveReview — ""Close to airport so very convenient for overnight stay. Also very easy to check-in..."
59,Booking-issue,1,,,"PositiveReview — ""Close to airport so very convenient for overnight stay. Also very easy to check-in..."
59,Taxi-issue,1,,,"PositiveReview — ""Close to airport so very convenient for overnight stay. Also very easy to check-in..."
68,Room,1,,,"PositiveReview — ""Friendly, good value, clean""
NegativeReview — """""
68,Staff,1,,,"PositiveReview — ""Friendly, good value, clean""
NegativeReview — """""
68,Location,1,,,"PositiveReview — ""Friendly, good value, clean""
NegativeReview — """""
68,Food,1,,,"PositiveReview — ""Friendly, good value, clean""
NegativeReview — """""
68,Price,1,,,"PositiveReview — ""Friendly, good value, clean""
NegativeReview — """""
68,Facility,1,,,"PositiveReview — ""Friendly, good value, clean""
NegativeReview — """""
68,Check-in,1,,,"PositiveReview — ""Friendly, good value, clean""
NegativeReview — """""
68,Check-out,1,,,"PositiveReview — ""Friendly, good value, clean""
NegativeReview — """""
68,Off,1,,,"PositiveReview — ""Friendly, good value, clean""
NegativeReview — """""
68,Booking-issue,1,,,"PositiveReview — ""Friendly, good value, clean""
NegativeReview — """""
68,Taxi-issue,1,,,"PositiveReview — ""Friendly, good value, clean""
NegativeReview — """""
72,Room,1,,,"PositiveReview — ""I arrived late. I received very clear instructions how to enter the hotel and acce..."
72,Staff,1,,,"PositiveReview — ""I arrived late. I received very clear instructions how to enter the hotel and acce..."
72,Location,1,,,"PositiveReview — ""I arrived late. I received very clear instructions how to enter the hotel and acce..."
72,Food,1,,,"PositiveReview — ""I arrived late. I received very clear instructions how to enter the hotel and acce..."
72,Price,1,,,"PositiveReview — ""I arrived late. I received very clear instructions how to enter the hotel and acce..."
72,Facility,1,,,"PositiveReview — ""I arrived late. I received very clear instructions how to enter the hotel and acce..."
72,Check-in,1,,,"PositiveReview — ""I arrived late. I received very clear instructions how to enter the hotel and acce..."
72,Check-out,1,,,"PositiveReview — ""I arrived late. I received very clear instructions how to enter the hotel and acce..."
72,Off,1,,,"PositiveReview — ""I arrived late. I received very clear instructions how to enter the hotel and acce..."
72,Booking-issue,1,,,"PositiveReview — ""I arrived late. I received very clear instructions how to enter the hotel and acce..."
72,Taxi-issue,1,,,"PositiveReview — ""I arrived late. I received very clear instructions how to enter the hotel and acce..."
78,Room,1,,,"PositiveReview — ""Nice friendly staff. clean, nice room, big bathroom""
NegativeReview — ""nothing"""
78,Staff,1,,,"PositiveReview — ""Nice friendly staff. clean, nice room, big bathroom""
NegativeReview — ""nothing"""
78,Location,1,,,"PositiveReview — ""Nice friendly staff. clean, nice room, big bathroom""
NegativeReview — ""nothing"""
78,Food,1,,,"PositiveReview — ""Nice friendly staff. clean, nice room, big bathroom""
NegativeReview — ""nothing"""
78,Price,1,,,"PositiveReview — ""Nice friendly staff. clean, nice room, big bathroom""
NegativeReview — ""nothing"""
78,Facility,1,,,"PositiveReview — ""Nice friendly staff. clean, nice room, big bathroom""
NegativeReview — ""nothing"""
78,Check-in,1,,,"PositiveReview — ""Nice friendly staff. clean, nice room, big bathroom""
NegativeReview — ""nothing"""
78,Check-out,1,,,"PositiveReview — ""Nice friendly staff. clean, nice room, big bathroom""
NegativeReview — ""nothing"""
78,Off,1,,,"PositiveReview — ""Nice friendly staff. clean, nice room, big bathroom""
NegativeReview — ""nothing"""
78,Booking-issue,1,,,"PositiveReview — ""Nice friendly staff. clean, nice room, big bathroom""
NegativeReview — ""nothing"""
78,Taxi-issue,1,,,"PositiveReview — ""Nice friendly staff. clean, nice room, big bathroom""
NegativeReview — ""nothing"""
81,Room,1,,,"PositiveReview — ""Close to the airport and clean spacious rooms.""
NegativeReview — ""No 24 hour recep..."
81,Staff,1,,,"PositiveReview — ""Close to the airport and clean spacious rooms.""
NegativeReview — ""No 24 hour recep..."
81,Location,1,,,"PositiveReview — ""Close to the airport and clean spacious rooms.""
NegativeReview — ""No 24 hour recep..."
81,Food,1,,,"PositiveReview — ""Close to the airport and clean spacious rooms.""
NegativeReview — ""No 24 hour recep..."
81,Price,1,,,"PositiveReview — ""Close to the airport and clean spacious rooms.""
NegativeReview — ""No 24 hour recep..."
81,Facility,1,,,"PositiveReview — ""Close to the airport and clean spacious rooms.""
NegativeReview — ""No 24 hour recep..."
81,Check-in,1,,,"PositiveReview — ""Close to the airport and clean spacious rooms.""
NegativeReview — ""No 24 hour recep..."
81,Check-out,1,,,"PositiveReview — ""Close to the airport and clean spacious rooms.""
NegativeReview — ""No 24 hour recep..."
81,Off,1,,,"PositiveReview — ""Close to the airport and clean spacious rooms.""
NegativeReview — ""No 24 hour recep..."
81,Booking-issue,1,,,"PositiveReview — ""Close to the airport and clean spacious rooms.""
NegativeReview — ""No 24 hour recep..."
81,Taxi-issue,1,,,"PositiveReview — ""Close to the airport and clean spacious rooms.""
NegativeReview — ""No 24 hour recep..."
89,Room,1,,,"PositiveReview — ""We had a horrible 4am arrival, instructions for access were sent in advance and ab..."
89,Staff,1,,,"PositiveReview — ""We had a horrible 4am arrival, instructions for access were sent in advance and ab..."
89,Location,1,,,"PositiveReview — ""We had a horrible 4am arrival, instructions for access were sent in advance and ab..."
89,Food,1,,,"PositiveReview — ""We had a horrible 4am arrival, instructions for access were sent in advance and ab..."
89,Price,1,,,"PositiveReview — ""We had a horrible 4am arrival, instructions for access were sent in advance and ab..."
89,Facility,1,,,"PositiveReview — ""We had a horrible 4am arrival, instructions for access were sent in advance and ab..."
89,Check-in,1,,,"PositiveReview — ""We had a horrible 4am arrival, instructions for access were sent in advance and ab..."
89,Check-out,1,,,"PositiveReview — ""We had a horrible 4am arrival, instructions for access were sent in advance and ab..."
89,Off,1,,,"PositiveReview — ""We had a horrible 4am arrival, instructions for access were sent in advance and ab..."
89,Booking-issue,1,,,"PositiveReview — ""We had a horrible 4am arrival, instructions for access were sent in advance and ab..."
89,Taxi-issue,1,,,"PositiveReview — ""We had a horrible 4am arrival, instructions for access were sent in advance and ab..."
102,Room,1,,,"PositiveReview — ""Nice modern and clean rooms. The location is excellent close to Airport, Makenzie ..."
102,Staff,1,,,"PositiveReview — ""Nice modern and clean rooms. The location is excellent close to Airport, Makenzie ..."
102,Location,1,,,"PositiveReview — ""Nice modern and clean rooms. The location is excellent close to Airport, Makenzie ..."
102,Food,1,,,"PositiveReview — ""Nice modern and clean rooms. The location is excellent close to Airport, Makenzie ..."
102,Price,1,,,"PositiveReview — ""Nice modern and clean rooms. The location is excellent close to Airport, Makenzie ..."
102,Facility,1,,,"PositiveReview — ""Nice modern and clean rooms. The location is excellent close to Airport, Makenzie ..."
102,Check-in,1,,,"PositiveReview — ""Nice modern and clean rooms. The location is excellent close to Airport, Makenzie ..."
102,Check-out,1,,,"PositiveReview — ""Nice modern and clean rooms. The location is excellent close to Airport, Makenzie ..."
102,Off,1,,,"PositiveReview — ""Nice modern and clean rooms. The location is excellent close to Airport, Makenzie ..."
102,Booking-issue,1,,,"PositiveReview — ""Nice modern and clean rooms. The location is excellent close to Airport, Makenzie ..."
102,Taxi-issue,1,,,"PositiveReview — ""Nice modern and clean rooms. The location is excellent close to Airport, Makenzie ..."
122,Room,1,,,"PositiveReview — ""Very clean and super friendly staff. Would recommend""
NegativeReview — ""Nothing"""
122,Staff,1,,,"PositiveReview — ""Very clean and super friendly staff. Would recommend""
NegativeReview — ""Nothing"""
122,Location,1,,,"PositiveReview — ""Very clean and super friendly staff. Would recommend""
NegativeReview — ""Nothing"""
122,Food,1,,,"PositiveReview — ""Very clean and super friendly staff. Would recommend""
NegativeReview — ""Nothing"""
122,Price,1,,,"PositiveReview — ""Very clean and super friendly staff. Would recommend""
NegativeReview — ""Nothing"""
122,Facility,1,,,"PositiveReview — ""Very clean and super friendly staff. Would recommend""
NegativeReview — ""Nothing"""
122,Check-in,1,,,"PositiveReview — ""Very clean and super friendly staff. Would recommend""
NegativeReview — ""Nothing"""
122,Check-out,1,,,"PositiveReview — ""Very clean and super friendly staff. Would recommend""
NegativeReview — ""Nothing"""
122,Off,1,,,"PositiveReview — ""Very clean and super friendly staff. Would recommend""
NegativeReview — ""Nothing"""
122,Booking-issue,1,,,"PositiveReview — ""Very clean and super friendly staff. Would recommend""
NegativeReview — ""Nothing"""
122,Taxi-issue,1,,,"PositiveReview — ""Very clean and super friendly staff. Would recommend""
NegativeReview — ""Nothing"""
133,Room,1,,,"PositiveReview — ""We took the suit has we were 2 adults & 3 kids.
  the room was clean & the bed we..."
133,Staff,1,,,"PositiveReview — ""We took the suit has we were 2 adults & 3 kids.
  the room was clean & the bed we..."
133,Location,1,,,"PositiveReview — ""We took the suit has we were 2 adults & 3 kids.
  the room was clean & the bed we..."
133,Food,1,,,"PositiveReview — ""We took the suit has we were 2 adults & 3 kids.
  the room was clean & the bed we..."
133,Price,1,,,"PositiveReview — ""We took the suit has we were 2 adults & 3 kids.
  the room was clean & the bed we..."
133,Facility,1,,,"PositiveReview — ""We took the suit has we were 2 adults & 3 kids.
  the room was clean & the bed we..."
133,Check-in,1,,,"PositiveReview — ""We took the suit has we were 2 adults & 3 kids.
  the room was clean & the bed we..."
133,Check-out,1,,,"PositiveReview — ""We took the suit has we were 2 adults & 3 kids.
  the room was clean & the bed we..."
133,Off,1,,,"PositiveReview — ""We took the suit has we were 2 adults & 3 kids.
  the room was clean & the bed we..."
133,Booking-issue,1,,,"PositiveReview — ""We took the suit has we were 2 adults & 3 kids.
  the room was clean & the bed we..."
133,Taxi-issue,1,,,"PositiveReview — ""We took the suit has we were 2 adults & 3 kids.
  the room was clean & the bed we..."
146,Room,1,,,"PositiveReview — ""the staff were so incredibly friendly. such a nice hotel with good rooms , clean, ..."
146,Staff,1,,,"PositiveReview — ""the staff were so incredibly friendly. such a nice hotel with good rooms , clean, ..."
146,Location,1,,,"PositiveReview — ""the staff were so incredibly friendly. such a nice hotel with good rooms , clean, ..."
146,Food,1,,,"PositiveReview — ""the staff were so incredibly friendly. such a nice hotel with good rooms , clean, ..."
146,Price,1,,,"PositiveReview — ""the staff were so incredibly friendly. such a nice hotel with good rooms , clean, ..."
146,Facility,1,,,"PositiveReview — ""the staff were so incredibly friendly. such a nice hotel with good rooms , clean, ..."
146,Check-in,1,,,"PositiveReview — ""the staff were so incredibly friendly. such a nice hotel with good rooms , clean, ..."
146,Check-out,1,,,"PositiveReview — ""the staff were so incredibly friendly. such a nice hotel with good rooms , clean, ..."
146,Off,1,,,"PositiveReview — ""the staff were so incredibly friendly. such a nice hotel with good rooms , clean, ..."
146,Booking-issue,1,,,"PositiveReview — ""the staff were so incredibly friendly. such a nice hotel with good rooms , clean, ..."
146,Taxi-issue,1,,,"PositiveReview — ""the staff were so incredibly friendly. such a nice hotel with good rooms , clean, ..."
154,Room,1,,,"PositiveReview — ""Lovely staff. Good food.""
NegativeReview — ""Would have liked more TV channels like..."
154,Staff,1,,,"PositiveReview — ""Lovely staff. Good food.""
NegativeReview — ""Would have liked more TV channels like..."
154,Location,1,,,"PositiveReview — ""Lovely staff. Good food.""
NegativeReview — ""Would have liked more TV channels like..."
154,Food,1,,,"PositiveReview — ""Lovely staff. Good food.""
NegativeReview — ""Would have liked more TV channels like..."
154,Price,1,,,"PositiveReview — ""Lovely staff. Good food.""
NegativeReview — ""Would have liked more TV channels like..."
154,Facility,1,,,"PositiveReview — ""Lovely staff. Good food.""
NegativeReview — ""Would have liked more TV channels like..."
154,Check-in,1,,,"PositiveReview — ""Lovely staff. Good food.""
NegativeReview — ""Would have liked more TV channels like..."
154,Check-out,1,,,"PositiveReview — ""Lovely staff. Good food.""
NegativeReview — ""Would have liked more TV channels like..."
154,Off,1,,,"PositiveReview — ""Lovely staff. Good food.""
NegativeReview — ""Would have liked more TV channels like..."
154,Booking-issue,1,,,"PositiveReview — ""Lovely staff. Good food.""
NegativeReview — ""Would have liked more TV channels like..."
154,Taxi-issue,1,,,"PositiveReview — ""Lovely staff. Good food.""
NegativeReview — ""Would have liked more TV channels like..."
163,Room,1,,,"PositiveReview — ""Easy late night check in""
NegativeReview — """""
163,Staff,1,,,"PositiveReview — ""Easy late night check in""
NegativeReview — """""
163,Location,1,,,"PositiveReview — ""Easy late night check in""
NegativeReview — """""
163,Food,1,,,"PositiveReview — ""Easy late night check in""
NegativeReview — """""
163,Price,1,,,"PositiveReview — ""Easy late night check in""
NegativeReview — """""
163,Facility,1,,,"PositiveReview — ""Easy late night check in""
NegativeReview — """""
163,Check-in,1,,,"PositiveReview — ""Easy late night check in""
NegativeReview — """""
163,Check-out,1,,,"PositiveReview — ""Easy late night check in""
NegativeReview — """""
163,Off,1,,,"PositiveReview — ""Easy late night check in""
NegativeReview — """""
163,Booking-issue,1,,,"PositiveReview — ""Easy late night check in""
NegativeReview — """""
163,Taxi-issue,1,,,"PositiveReview — ""Easy late night check in""
NegativeReview — """""
167,Room,1,,,"PositiveReview — ""Super clean place , excellent staff and service 
  And on top of everything is th..."
167,Staff,1,,,"PositiveReview — ""Super clean place , excellent staff and service 
  And on top of everything is th..."
167,Location,1,,,"PositiveReview — ""Super clean place , excellent staff and service 
  And on top of everything is th..."
167,Food,1,,,"PositiveReview — ""Super clean place , excellent staff and service 
  And on top of everything is th..."
167,Price,1,,,"PositiveReview — ""Super clean place , excellent staff and service 
  And on top of everything is th..."
167,Facility,1,,,"PositiveReview — ""Super clean place , excellent staff and service 
  And on top of everything is th..."
167,Check-in,1,,,"PositiveReview — ""Super clean place , excellent staff and service 
  And on top of everything is th..."
167,Check-out,1,,,"PositiveReview — ""Super clean place , excellent staff and service 
  And on top of everything is th..."
167,Off,1,,,"PositiveReview — ""Super clean place , excellent staff and service 
  And on top of everything is th..."
167,Booking-issue,1,,,"PositiveReview — ""Super clean place , excellent staff and service 
  And on top of everything is th..."
167,Taxi-issue,1,,,"PositiveReview — ""Super clean place , excellent staff and service 
  And on top of everything is th..."
173,Room,1,,,"PositiveReview — ""IMMACULATELY CLEAN!!! The bedding and floors were SOO CLEAN. The staff so friendly..."
173,Staff,1,,,"PositiveReview — ""IMMACULATELY CLEAN!!! The bedding and floors were SOO CLEAN. The staff so friendly..."
173,Location,1,,,"PositiveReview — ""IMMACULATELY CLEAN!!! The bedding and floors were SOO CLEAN. The staff so friendly..."
173,Food,1,,,"PositiveReview — ""IMMACULATELY CLEAN!!! The bedding and floors were SOO CLEAN. The staff so friendly..."
173,Price,1,,,"PositiveReview — ""IMMACULATELY CLEAN!!! The bedding and floors were SOO CLEAN. The staff so friendly..."
173,Facility,1,,,"PositiveReview — ""IMMACULATELY CLEAN!!! The bedding and floors were SOO CLEAN. The staff so friendly..."
173,Check-in,1,,,"PositiveReview — ""IMMACULATELY CLEAN!!! The bedding and floors were SOO CLEAN. The staff so friendly..."
173,Check-out,1,,,"PositiveReview — ""IMMACULATELY CLEAN!!! The bedding and floors were SOO CLEAN. The staff so friendly..."
173,Off,1,,,"PositiveReview — ""IMMACULATELY CLEAN!!! The bedding and floors were SOO CLEAN. The staff so friendly..."
173,Booking-issue,1,,,"PositiveReview — ""IMMACULATELY CLEAN!!! The bedding and floors were SOO CLEAN. The staff so friendly..."
173,Taxi-issue,1,,,"PositiveReview — ""IMMACULATELY CLEAN!!! The bedding and floors were SOO CLEAN. The staff so friendly..."
177,Room,1,,,"PositiveReview — ""It’s close to the beach and the airport. The staff was nice and helpful. Extremely..."
177,Staff,1,,,"PositiveReview — ""It’s close to the beach and the airport. The staff was nice and helpful. Extremely..."
177,Location,1,,,"PositiveReview — ""It’s close to the beach and the airport. The staff was nice and helpful. Extremely..."
177,Food,1,,,"PositiveReview — ""It’s close to the beach and the airport. The staff was nice and helpful. Extremely..."
177,Price,1,,,"PositiveReview — ""It’s close to the beach and the airport. The staff was nice and helpful. Extremely..."
177,Facility,1,,,"PositiveReview — ""It’s close to the beach and the airport. The staff was nice and helpful. Extremely..."
177,Check-in,1,,,"PositiveReview — ""It’s close to the beach and the airport. The staff was nice and helpful. Extremely..."
177,Check-out,1,,,"PositiveReview — ""It’s close to the beach and the airport. The staff was nice and helpful. Extremely..."
177,Off,1,,,"PositiveReview — ""It’s close to the beach and the airport. The staff was nice and helpful. Extremely..."
177,Booking-issue,1,,,"PositiveReview — ""It’s close to the beach and the airport. The staff was nice and helpful. Extremely..."
177,Taxi-issue,1,,,"PositiveReview — ""It’s close to the beach and the airport. The staff was nice and helpful. Extremely..."
179,Room,1,,,"PositiveReview — ""Close to local restaurants and beach.
  Quiet.
  Very clean.""
NegativeReview — ""..."
179,Staff,1,,,"PositiveReview — ""Close to local restaurants and beach.
  Quiet.
  Very clean.""
NegativeReview — ""..."
179,Location,1,,,"PositiveReview — ""Close to local restaurants and beach.
  Quiet.
  Very clean.""
NegativeReview — ""..."
179,Food,1,,,"PositiveReview — ""Close to local restaurants and beach.
  Quiet.
  Very clean.""
NegativeReview — ""..."
179,Price,1,,,"PositiveReview — ""Close to local restaurants and beach.
  Quiet.
  Very clean.""
NegativeReview — ""..."
179,Facility,1,,,"PositiveReview — ""Close to local restaurants and beach.
  Quiet.
  Very clean.""
NegativeReview — ""..."
179,Check-in,1,,,"PositiveReview — ""Close to local restaurants and beach.
  Quiet.
  Very clean.""
NegativeReview — ""..."
179,Check-out,1,,,"PositiveReview — ""Close to local restaurants and beach.
  Quiet.
  Very clean.""
NegativeReview — ""..."
179,Off,1,,,"PositiveReview — ""Close to local restaurants and beach.
  Quiet.
  Very clean.""
NegativeReview — ""..."
179,Booking-issue,1,,,"PositiveReview — ""Close to local restaurants and beach.
  Quiet.
  Very clean.""
NegativeReview — ""..."
179,Taxi-issue,1,,,"PositiveReview — ""Close to local restaurants and beach.
  Quiet.
  Very clean.""
NegativeReview — ""..."
182,Room,1,,,"PositiveReview — ""Closure to the Airport
  Hospitality""
NegativeReview — """""
182,Staff,1,,,"PositiveReview — ""Closure to the Airport
  Hospitality""
NegativeReview — """""
182,Location,1,,,"PositiveReview — ""Closure to the Airport
  Hospitality""
NegativeReview — """""
182,Food,1,,,"PositiveReview — ""Closure to the Airport
  Hospitality""
NegativeReview — """""
182,Price,1,,,"PositiveReview — ""Closure to the Airport
  Hospitality""
NegativeReview — """""
182,Facility,1,,,"PositiveReview — ""Closure to the Airport
  Hospitality""
NegativeReview — """""
182,Check-in,1,,,"PositiveReview — ""Closure to the Airport
  Hospitality""
NegativeReview — """""
182,Check-out,1,,,"PositiveReview — ""Closure to the Airport
  Hospitality""
NegativeReview — """""
182,Off,1,,,"PositiveReview — ""Closure to the Airport
  Hospitality""
NegativeReview — """""
182,Booking-issue,1,,,"PositiveReview — ""Closure to the Airport
  Hospitality""
NegativeReview — """""
182,Taxi-issue,1,,,"PositiveReview — ""Closure to the Airport
  Hospitality""
NegativeReview — """""
190,Room,1,,,"PositiveReview — ""Conveniently located. A very modern and contemporary hotel. Excellent breakfast. W..."
190,Staff,1,,,"PositiveReview — ""Conveniently located. A very modern and contemporary hotel. Excellent breakfast. W..."
190,Location,1,,,"PositiveReview — ""Conveniently located. A very modern and contemporary hotel. Excellent breakfast. W..."
190,Food,1,,,"PositiveReview — ""Conveniently located. A very modern and contemporary hotel. Excellent breakfast. W..."
190,Price,1,,,"PositiveReview — ""Conveniently located. A very modern and contemporary hotel. Excellent breakfast. W..."
190,Facility,1,,,"PositiveReview — ""Conveniently located. A very modern and contemporary hotel. Excellent breakfast. W..."
190,Check-in,1,,,"PositiveReview — ""Conveniently located. A very modern and contemporary hotel. Excellent breakfast. W..."
190,Check-out,1,,,"PositiveReview — ""Conveniently located. A very modern and contemporary hotel. Excellent breakfast. W..."
190,Off,1,,,"PositiveReview — ""Conveniently located. A very modern and contemporary hotel. Excellent breakfast. W..."
190,Booking-issue,1,,,"PositiveReview — ""Conveniently located. A very modern and contemporary hotel. Excellent breakfast. W..."
190,Taxi-issue,1,,,"PositiveReview — ""Conveniently located. A very modern and contemporary hotel. Excellent breakfast. W..."
219,Room,1,,,"PositiveReview — ""very clean room, comfy beds, very nice showers. all freshly renovated.""
NegativeRe..."
219,Staff,1,,,"PositiveReview — ""very clean room, comfy beds, very nice showers. all freshly renovated.""
NegativeRe..."
219,Location,1,,,"PositiveReview — ""very clean room, comfy beds, very nice showers. all freshly renovated.""
NegativeRe..."
219,Food,1,,,"PositiveReview — ""very clean room, comfy beds, very nice showers. all freshly renovated.""
NegativeRe..."
219,Price,1,,,"PositiveReview — ""very clean room, comfy beds, very nice showers. all freshly renovated.""
NegativeRe..."
219,Facility,1,,,"PositiveReview — ""very clean room, comfy beds, very nice showers. all freshly renovated.""
NegativeRe..."
219,Check-in,1,,,"PositiveReview — ""very clean room, comfy beds, very nice showers. all freshly renovated.""
NegativeRe..."
219,Check-out,1,,,"PositiveReview — ""very clean room, comfy beds, very nice showers. all freshly renovated.""
NegativeRe..."
219,Off,1,,,"PositiveReview — ""very clean room, comfy beds, very nice showers. all freshly renovated.""
NegativeRe..."
219,Booking-issue,1,,,"PositiveReview — ""very clean room, comfy beds, very nice showers. all freshly renovated.""
NegativeRe..."
219,Taxi-issue,1,,,"PositiveReview — ""very clean room, comfy beds, very nice showers. all freshly renovated.""
NegativeRe..."
237,Room,1,,,"PositiveReview — ""clean and comfortable""
NegativeReview — """""
237,Staff,1,,,"PositiveReview — ""clean and comfortable""
NegativeReview — """""
237,Location,1,,,"PositiveReview — ""clean and comfortable""
NegativeReview — """""
237,Food,1,,,"PositiveReview — ""clean and comfortable""
NegativeReview — """""
237,Price,1,,,"PositiveReview — ""clean and comfortable""
NegativeReview — """""
237,Facility,1,,,"PositiveReview — ""clean and comfortable""
NegativeReview — """""
237,Check-in,1,,,"PositiveReview — ""clean and comfortable""
NegativeReview — """""
237,Check-out,1,,,"PositiveReview — ""clean and comfortable""
NegativeReview — """""
237,Off,1,,,"PositiveReview — ""clean and comfortable""
NegativeReview — """""
237,Booking-issue,1,,,"PositiveReview — ""clean and comfortable""
NegativeReview — """""
237,Taxi-issue,1,,,"PositiveReview — ""clean and comfortable""
NegativeReview — """""
266,Room,1,,,"PositiveReview — ""it’s clean and very nice crew""
NegativeReview — """""
266,Staff,1,,,"PositiveReview — ""it’s clean and very nice crew""
NegativeReview — """""
266,Location,1,,,"PositiveReview — ""it’s clean and very nice crew""
NegativeReview — """""
266,Food,1,,,"PositiveReview — ""it’s clean and very nice crew""
NegativeReview — """""
266,Price,1,,,"PositiveReview — ""it’s clean and very nice crew""
NegativeReview — """""
266,Facility,1,,,"PositiveReview — ""it’s clean and very nice crew""
NegativeReview — """""
266,Check-in,1,,,"PositiveReview — ""it’s clean and very nice crew""
NegativeReview — """""
266,Check-out,1,,,"PositiveReview — ""it’s clean and very nice crew""
NegativeReview — """""
266,Off,1,,,"PositiveReview — ""it’s clean and very nice crew""
NegativeReview — """""
266,Booking-issue,1,,,"PositiveReview — ""it’s clean and very nice crew""
NegativeReview — """""
266,Taxi-issue,1,,,"PositiveReview — ""it’s clean and very nice crew""
NegativeReview — """""
267,Room,1,,,"PositiveReview — ""Helpful staff arranged a taxi for us from the airport to the hotel. The hotel was ..."
267,Staff,1,,,"PositiveReview — ""Helpful staff arranged a taxi for us from the airport to the hotel. The hotel was ..."
267,Location,1,,,"PositiveReview — ""Helpful staff arranged a taxi for us from the airport to the hotel. The hotel was ..."
267,Food,1,,,"PositiveReview — ""Helpful staff arranged a taxi for us from the airport to the hotel. The hotel was ..."
267,Price,1,,,"PositiveReview — ""Helpful staff arranged a taxi for us from the airport to the hotel. The hotel was ..."
267,Facility,1,,,"PositiveReview — ""Helpful staff arranged a taxi for us from the airport to the hotel. The hotel was ..."
267,Check-in,1,,,"PositiveReview — ""Helpful staff arranged a taxi for us from the airport to the hotel. The hotel was ..."
267,Check-out,1,,,"PositiveReview — ""Helpful staff arranged a taxi for us from the airport to the hotel. The hotel was ..."
267,Off,1,,,"PositiveReview — ""Helpful staff arranged a taxi for us from the airport to the hotel. The hotel was ..."
267,Booking-issue,1,,,"PositiveReview — ""Helpful staff arranged a taxi for us from the airport to the hotel. The hotel was ..."
267,Taxi-issue,1,,,"PositiveReview — ""Helpful staff arranged a taxi for us from the airport to the hotel. The hotel was ..."
275,Room,1,,,"PositiveReview — ""The rooms were clean, very comfortable, and the staff was amazing. They went over ..."
275,Staff,1,,,"PositiveReview — ""The rooms were clean, very comfortable, and the staff was amazing. They went over ..."
275,Location,1,,,"PositiveReview — ""The rooms were clean, very comfortable, and the staff was amazing. They went over ..."
275,Food,1,,,"PositiveReview — ""The rooms were clean, very comfortable, and the staff was amazing. They went over ..."
275,Price,1,,,"PositiveReview — ""The rooms were clean, very comfortable, and the staff was amazing. They went over ..."
275,Facility,1,,,"PositiveReview — ""The rooms were clean, very comfortable, and the staff was amazing. They went over ..."
275,Check-in,1,,,"PositiveReview — ""The rooms were clean, very comfortable, and the staff was amazing. They went over ..."
275,Check-out,1,,,"PositiveReview — ""The rooms were clean, very comfortable, and the staff was amazing. They went over ..."
275,Off,1,,,"PositiveReview — ""The rooms were clean, very comfortable, and the staff was amazing. They went over ..."
275,Booking-issue,1,,,"PositiveReview — ""The rooms were clean, very comfortable, and the staff was amazing. They went over ..."
275,Taxi-issue,1,,,"PositiveReview — ""The rooms were clean, very comfortable, and the staff was amazing. They went over ..."
285,Room,1,,,"PositiveReview — ""Clean and nice place""
NegativeReview — ""It takes too long hot water to reach tap/s..."
285,Staff,1,,,"PositiveReview — ""Clean and nice place""
NegativeReview — ""It takes too long hot water to reach tap/s..."
285,Location,1,,,"PositiveReview — ""Clean and nice place""
NegativeReview — ""It takes too long hot water to reach tap/s..."
285,Food,1,,,"PositiveReview — ""Clean and nice place""
NegativeReview — ""It takes too long hot water to reach tap/s..."
285,Price,1,,,"PositiveReview — ""Clean and nice place""
NegativeReview — ""It takes too long hot water to reach tap/s..."
285,Facility,1,,,"PositiveReview — ""Clean and nice place""
NegativeReview — ""It takes too long hot water to reach tap/s..."
285,Check-in,1,,,"PositiveReview — ""Clean and nice place""
NegativeReview — ""It takes too long hot water to reach tap/s..."
285,Check-out,1,,,"PositiveReview — ""Clean and nice place""
NegativeReview — ""It takes too long hot water to reach tap/s..."
285,Off,1,,,"PositiveReview — ""Clean and nice place""
NegativeReview — ""It takes too long hot water to reach tap/s..."
285,Booking-issue,1,,,"PositiveReview — ""Clean and nice place""
NegativeReview — ""It takes too long hot water to reach tap/s..."
285,Taxi-issue,1,,,"PositiveReview — ""Clean and nice place""
NegativeReview — ""It takes too long hot water to reach tap/s..."
302,Room,1,,,"PositiveReview — ""It was very clean.""
NegativeReview — """""
302,Staff,1,,,"PositiveReview — ""It was very clean.""
NegativeReview — """""
302,Location,1,,,"PositiveReview — ""It was very clean.""
NegativeReview — """""
302,Food,1,,,"PositiveReview — ""It was very clean.""
NegativeReview — """""
302,Price,1,,,"PositiveReview — ""It was very clean.""
NegativeReview — """""
302,Facility,1,,,"PositiveReview — ""It was very clean.""
NegativeReview — """""
302,Check-in,1,,,"PositiveReview — ""It was very clean.""
NegativeReview — """""
302,Check-out,1,,,"PositiveReview — ""It was very clean.""
NegativeReview — """""
302,Off,1,,,"PositiveReview — ""It was very clean.""
NegativeReview — """""
302,Booking-issue,1,,,"PositiveReview — ""It was very clean.""
NegativeReview — """""
302,Taxi-issue,1,,,"PositiveReview — ""It was very clean.""
NegativeReview — """""
309,Room,1,,,"PositiveReview — ""The management/husband and wife/were fantastic as were all the staff!""
NegativeRev..."
309,Staff,1,,,"PositiveReview — ""The management/husband and wife/were fantastic as were all the staff!""
NegativeRev..."
309,Location,1,,,"PositiveReview — ""The management/husband and wife/were fantastic as were all the staff!""
NegativeRev..."
309,Food,1,,,"PositiveReview — ""The management/husband and wife/were fantastic as were all the staff!""
NegativeRev..."
309,Price,1,,,"PositiveReview — ""The management/husband and wife/were fantastic as were all the staff!""
NegativeRev..."
309,Facility,1,,,"PositiveReview — ""The management/husband and wife/were fantastic as were all the staff!""
NegativeRev..."
309,Check-in,1,,,"PositiveReview — ""The management/husband and wife/were fantastic as were all the staff!""
NegativeRev..."
309,Check-out,1,,,"PositiveReview — ""The management/husband and wife/were fantastic as were all the staff!""
NegativeRev..."
309,Off,1,,,"PositiveReview — ""The management/husband and wife/were fantastic as were all the staff!""
NegativeRev..."
309,Booking-issue,1,,,"PositiveReview — ""The management/husband and wife/were fantastic as were all the staff!""
NegativeRev..."
309,Taxi-issue,1,,,"PositiveReview — ""The management/husband and wife/were fantastic as were all the staff!""
NegativeRev..."
317,Room,1,,,"PositiveReview — ""Did not have breakfast. Left too early.""
NegativeReview — ""Nothing"""
317,Staff,1,,,"PositiveReview — ""Did not have breakfast. Left too early.""
NegativeReview — ""Nothing"""
317,Location,1,,,"PositiveReview — ""Did not have breakfast. Left too early.""
NegativeReview — ""Nothing"""
317,Food,1,,,"PositiveReview — ""Did not have breakfast. Left too early.""
NegativeReview — ""Nothing"""
317,Price,1,,,"PositiveReview — ""Did not have breakfast. Left too early.""
NegativeReview — ""Nothing"""
317,Facility,1,,,"PositiveReview — ""Did not have breakfast. Left too early.""
NegativeReview — ""Nothing"""
317,Check-in,1,,,"PositiveReview — ""Did not have breakfast. Left too early.""
NegativeReview — ""Nothing"""
317,Check-out,1,,,"PositiveReview — ""Did not have breakfast. Left too early.""
NegativeReview — ""Nothing"""
317,Off,1,,,"PositiveReview — ""Did not have breakfast. Left too early.""
NegativeReview — ""Nothing"""
317,Booking-issue,1,,,"PositiveReview — ""Did not have breakfast. Left too early.""
NegativeReview — ""Nothing"""
317,Taxi-issue,1,,,"PositiveReview — ""Did not have breakfast. Left too early.""
NegativeReview — ""Nothing"""
343,Room,1,,,"PositiveReview — ""great friendly staff, very welcoming, the owner took me personally to our room, an..."
343,Staff,1,,,"PositiveReview — ""great friendly staff, very welcoming, the owner took me personally to our room, an..."
343,Location,1,,,"PositiveReview — ""great friendly staff, very welcoming, the owner took me personally to our room, an..."
343,Food,1,,,"PositiveReview — ""great friendly staff, very welcoming, the owner took me personally to our room, an..."
343,Price,1,,,"PositiveReview — ""great friendly staff, very welcoming, the owner took me personally to our room, an..."
343,Facility,1,,,"PositiveReview — ""great friendly staff, very welcoming, the owner took me personally to our room, an..."
343,Check-in,1,,,"PositiveReview — ""great friendly staff, very welcoming, the owner took me personally to our room, an..."
343,Check-out,1,,,"PositiveReview — ""great friendly staff, very welcoming, the owner took me personally to our room, an..."
343,Off,1,,,"PositiveReview — ""great friendly staff, very welcoming, the owner took me personally to our room, an..."
343,Booking-issue,1,,,"PositiveReview — ""great friendly staff, very welcoming, the owner took me personally to our room, an..."
343,Taxi-issue,1,,,"PositiveReview — ""great friendly staff, very welcoming, the owner took me personally to our room, an..."
355,Room,1,,,"PositiveReview — ""We’ve chosen La Veranda as we had an early flight from Larnaka airport, and we enj..."
355,Staff,1,,,"PositiveReview — ""We’ve chosen La Veranda as we had an early flight from Larnaka airport, and we enj..."
355,Location,1,,,"PositiveReview — ""We’ve chosen La Veranda as we had an early flight from Larnaka airport, and we enj..."
355,Food,1,,,"PositiveReview — ""We’ve chosen La Veranda as we had an early flight from Larnaka airport, and we enj..."
355,Price,1,,,"PositiveReview — ""We’ve chosen La Veranda as we had an early flight from Larnaka airport, and we enj..."
355,Facility,1,,,"PositiveReview — ""We’ve chosen La Veranda as we had an early flight from Larnaka airport, and we enj..."
355,Check-in,1,,,"PositiveReview — ""We’ve chosen La Veranda as we had an early flight from Larnaka airport, and we enj..."
355,Check-out,1,,,"PositiveReview — ""We’ve chosen La Veranda as we had an early flight from Larnaka airport, and we enj..."
355,Off,1,,,"PositiveReview — ""We’ve chosen La Veranda as we had an early flight from Larnaka airport, and we enj..."
355,Booking-issue,1,,,"PositiveReview — ""We’ve chosen La Veranda as we had an early flight from Larnaka airport, and we enj..."
355,Taxi-issue,1,,,"PositiveReview — ""We’ve chosen La Veranda as we had an early flight from Larnaka airport, and we enj..."
357,Room,1,,,"PositiveReview — ""Staff is friendly, hotel is comfortable and clean""
NegativeReview — """""
357,Staff,1,,,"PositiveReview — ""Staff is friendly, hotel is comfortable and clean""
NegativeReview — """""
357,Location,1,,,"PositiveReview — ""Staff is friendly, hotel is comfortable and clean""
NegativeReview — """""
357,Food,1,,,"PositiveReview — ""Staff is friendly, hotel is comfortable and clean""
NegativeReview — """""
357,Price,1,,,"PositiveReview — ""Staff is friendly, hotel is comfortable and clean""
NegativeReview — """""
357,Facility,1,,,"PositiveReview — ""Staff is friendly, hotel is comfortable and clean""
NegativeReview — """""
357,Check-in,1,,,"PositiveReview — ""Staff is friendly, hotel is comfortable and clean""
NegativeReview — """""
357,Check-out,1,,,"PositiveReview — ""Staff is friendly, hotel is comfortable and clean""
NegativeReview — """""
357,Off,1,,,"PositiveReview — ""Staff is friendly, hotel is comfortable and clean""
NegativeReview — """""
357,Booking-issue,1,,,"PositiveReview — ""Staff is friendly, hotel is comfortable and clean""
NegativeReview — """""
357,Taxi-issue,1,,,"PositiveReview — ""Staff is friendly, hotel is comfortable and clean""
NegativeReview — """""
359,Room,1,,,"PositiveReview — ""Excellent all round would come again""
NegativeReview — ""Good location and nice atm..."
359,Staff,1,,,"PositiveReview — ""Excellent all round would come again""
NegativeReview — ""Good location and nice atm..."
359,Location,1,,,"PositiveReview — ""Excellent all round would come again""
NegativeReview — ""Good location and nice atm..."
359,Food,1,,,"PositiveReview — ""Excellent all round would come again""
NegativeReview — ""Good location and nice atm..."
359,Price,1,,,"PositiveReview — ""Excellent all round would come again""
NegativeReview — ""Good location and nice atm..."
359,Facility,1,,,"PositiveReview — ""Excellent all round would come again""
NegativeReview — ""Good location and nice atm..."
359,Check-in,1,,,"PositiveReview — ""Excellent all round would come again""
NegativeReview — ""Good location and nice atm..."
359,Check-out,1,,,"PositiveReview — ""Excellent all round would come again""
NegativeReview — ""Good location and nice atm..."
359,Off,1,,,"PositiveReview — ""Excellent all round would come again""
NegativeReview — ""Good location and nice atm..."
359,Booking-issue,1,,,"PositiveReview — ""Excellent all round would come again""
NegativeReview — ""Good location and nice atm..."
359,Taxi-issue,1,,,"PositiveReview — ""Excellent all round would come again""
NegativeReview — ""Good location and nice atm..."
362,Room,1,,,"PositiveReview — ""Excellent service, very kind and helpful staff, the room with a balcony overlookin..."
362,Staff,1,,,"PositiveReview — ""Excellent service, very kind and helpful staff, the room with a balcony overlookin..."
362,Location,1,,,"PositiveReview — ""Excellent service, very kind and helpful staff, the room with a balcony overlookin..."
362,Food,1,,,"PositiveReview — ""Excellent service, very kind and helpful staff, the room with a balcony overlookin..."
362,Price,1,,,"PositiveReview — ""Excellent service, very kind and helpful staff, the room with a balcony overlookin..."
362,Facility,1,,,"PositiveReview — ""Excellent service, very kind and helpful staff, the room with a balcony overlookin..."
362,Check-in,1,,,"PositiveReview — ""Excellent service, very kind and helpful staff, the room with a balcony overlookin..."
362,Check-out,1,,,"PositiveReview — ""Excellent service, very kind and helpful staff, the room with a balcony overlookin..."
362,Off,1,,,"PositiveReview — ""Excellent service, very kind and helpful staff, the room with a balcony overlookin..."
362,Booking-issue,1,,,"PositiveReview — ""Excellent service, very kind and helpful staff, the room with a balcony overlookin..."
362,Taxi-issue,1,,,"PositiveReview — ""Excellent service, very kind and helpful staff, the room with a balcony overlookin..."
399,Room,1,,,"PositiveReview — ""Amazing staff. I met the owners at the reception and they took care of my girl and..."
399,Staff,1,,,"PositiveReview — ""Amazing staff. I met the owners at the reception and they took care of my girl and..."
399,Location,1,,,"PositiveReview — ""Amazing staff. I met the owners at the reception and they took care of my girl and..."
399,Food,1,,,"PositiveReview — ""Amazing staff. I met the owners at the reception and they took care of my girl and..."
399,Price,1,,,"PositiveReview — ""Amazing staff. I met the owners at the reception and they took care of my girl and..."
399,Facility,1,,,"PositiveReview — ""Amazing staff. I met the owners at the reception and they took care of my girl and..."
399,Check-in,1,,,"PositiveReview — ""Amazing staff. I met the owners at the reception and they took care of my girl and..."
399,Check-out,1,,,"PositiveReview — ""Amazing staff. I met the owners at the reception and they took care of my girl and..."
399,Off,1,,,"PositiveReview — ""Amazing staff. I met the owners at the reception and they took care of my girl and..."
399,Booking-issue,1,,,"PositiveReview — ""Amazing staff. I met the owners at the reception and they took care of my girl and..."
399,Taxi-issue,1,,,"PositiveReview — ""Amazing staff. I met the owners at the reception and they took care of my girl and..."
403,Room,1,,,"PositiveReview — ""Very good team
  Good hospitality
  Good food
  Smiling and willing people.""
Ne..."
403,Staff,1,,,"PositiveReview — ""Very good team
  Good hospitality
  Good food
  Smiling and willing people.""
Ne..."
403,Location,1,,,"PositiveReview — ""Very good team
  Good hospitality
  Good food
  Smiling and willing people.""
Ne..."
403,Food,1,,,"PositiveReview — ""Very good team
  Good hospitality
  Good food
  Smiling and willing people.""
Ne..."
403,Price,1,,,"PositiveReview — ""Very good team
  Good hospitality
  Good food
  Smiling and willing people.""
Ne..."
403,Facility,1,,,"PositiveReview — ""Very good team
  Good hospitality
  Good food
  Smiling and willing people.""
Ne..."
403,Check-in,1,,,"PositiveReview — ""Very good team
  Good hospitality
  Good food
  Smiling and willing people.""
Ne..."
403,Check-out,1,,,"PositiveReview — ""Very good team
  Good hospitality
  Good food
  Smiling and willing people.""
Ne..."
403,Off,1,,,"PositiveReview — ""Very good team
  Good hospitality
  Good food
  Smiling and willing people.""
Ne..."
403,Booking-issue,1,,,"PositiveReview — ""Very good team
  Good hospitality
  Good food
  Smiling and willing people.""
Ne..."
403,Taxi-issue,1,,,"PositiveReview — ""Very good team
  Good hospitality
  Good food
  Smiling and willing people.""
Ne..."
411,Room,1,,,"PositiveReview — ""perfect""
NegativeReview — """""
411,Staff,1,,,"PositiveReview — ""perfect""
NegativeReview — """""
411,Location,1,,,"PositiveReview — ""perfect""
NegativeReview — """""
411,Food,1,,,"PositiveReview — ""perfect""
NegativeReview — """""
411,Price,1,,,"PositiveReview — ""perfect""
NegativeReview — """""
411,Facility,1,,,"PositiveReview — ""perfect""
NegativeReview — """""
411,Check-in,1,,,"PositiveReview — ""perfect""
NegativeReview — """""
411,Check-out,1,,,"PositiveReview — ""perfect""
NegativeReview — """""
411,Off,1,,,"PositiveReview — ""perfect""
NegativeReview — """""
411,Booking-issue,1,,,"PositiveReview — ""perfect""
NegativeReview — """""
411,Taxi-issue,1,,,"PositiveReview — ""perfect""
NegativeReview — """""
414,Room,1,,,"PositiveReview — ""Great staff, very clean and modern rooms, great value""
NegativeReview — """""
414,Staff,1,,,"PositiveReview — ""Great staff, very clean and modern rooms, great value""
NegativeReview — """""
414,Location,1,,,"PositiveReview — ""Great staff, very clean and modern rooms, great value""
NegativeReview — """""
414,Food,1,,,"PositiveReview — ""Great staff, very clean and modern rooms, great value""
NegativeReview — """""
414,Price,1,,,"PositiveReview — ""Great staff, very clean and modern rooms, great value""
NegativeReview — """""
414,Facility,1,,,"PositiveReview — ""Great staff, very clean and modern rooms, great value""
NegativeReview — """""
414,Check-in,1,,,"PositiveReview — ""Great staff, very clean and modern rooms, great value""
NegativeReview — """""
414,Check-out,1,,,"PositiveReview — ""Great staff, very clean and modern rooms, great value""
NegativeReview — """""
414,Off,1,,,"PositiveReview — ""Great staff, very clean and modern rooms, great value""
NegativeReview — """""
414,Booking-issue,1,,,"PositiveReview — ""Great staff, very clean and modern rooms, great value""
NegativeReview — """""
414,Taxi-issue,1,,,"PositiveReview — ""Great staff, very clean and modern rooms, great value""
NegativeReview — """""
417,Room,1,,,"PositiveReview — ""Close to airport - just 7-10 min by taxi (15€). Clean, fresh rooms with all you ne..."
417,Staff,1,,,"PositiveReview — ""Close to airport - just 7-10 min by taxi (15€). Clean, fresh rooms with all you ne..."
417,Location,1,,,"PositiveReview — ""Close to airport - just 7-10 min by taxi (15€). Clean, fresh rooms with all you ne..."
417,Food,1,,,"PositiveReview — ""Close to airport - just 7-10 min by taxi (15€). Clean, fresh rooms with all you ne..."
417,Price,1,,,"PositiveReview — ""Close to airport - just 7-10 min by taxi (15€). Clean, fresh rooms with all you ne..."
417,Facility,1,,,"PositiveReview — ""Close to airport - just 7-10 min by taxi (15€). Clean, fresh rooms with all you ne..."
417,Check-in,1,,,"PositiveReview — ""Close to airport - just 7-10 min by taxi (15€). Clean, fresh rooms with all you ne..."
417,Check-out,1,,,"PositiveReview — ""Close to airport - just 7-10 min by taxi (15€). Clean, fresh rooms with all you ne..."
417,Off,1,,,"PositiveReview — ""Close to airport - just 7-10 min by taxi (15€). Clean, fresh rooms with all you ne..."
417,Booking-issue,1,,,"PositiveReview — ""Close to airport - just 7-10 min by taxi (15€). Clean, fresh rooms with all you ne..."
417,Taxi-issue,1,,,"PositiveReview — ""Close to airport - just 7-10 min by taxi (15€). Clean, fresh rooms with all you ne..."
435,Room,1,,,"PositiveReview — ""close to the airports""
NegativeReview — ""this is a guesthouse that is priced like ..."
435,Staff,1,,,"PositiveReview — ""close to the airports""
NegativeReview — ""this is a guesthouse that is priced like ..."
435,Location,1,,,"PositiveReview — ""close to the airports""
NegativeReview — ""this is a guesthouse that is priced like ..."
435,Food,1,,,"PositiveReview — ""close to the airports""
NegativeReview — ""this is a guesthouse that is priced like ..."
435,Price,1,,,"PositiveReview — ""close to the airports""
NegativeReview — ""this is a guesthouse that is priced like ..."
435,Facility,1,,,"PositiveReview — ""close to the airports""
NegativeReview — ""this is a guesthouse that is priced like ..."
435,Check-in,1,,,"PositiveReview — ""close to the airports""
NegativeReview — ""this is a guesthouse that is priced like ..."
435,Check-out,1,,,"PositiveReview — ""close to the airports""
NegativeReview — ""this is a guesthouse that is priced like ..."
435,Off,1,,,"PositiveReview — ""close to the airports""
NegativeReview — ""this is a guesthouse that is priced like ..."
435,Booking-issue,1,,,"PositiveReview — ""close to the airports""
NegativeReview — ""this is a guesthouse that is priced like ..."
435,Taxi-issue,1,,,"PositiveReview — ""close to the airports""
NegativeReview — ""this is a guesthouse that is priced like ..."
460,Room,1,,,"PositiveReview — ""Location was excellent and staff was very polite. Room was very clean upon arrival..."
460,Staff,1,,,"PositiveReview — ""Location was excellent and staff was very polite. Room was very clean upon arrival..."
460,Location,1,,,"PositiveReview — ""Location was excellent and staff was very polite. Room was very clean upon arrival..."
460,Food,1,,,"PositiveReview — ""Location was excellent and staff was very polite. Room was very clean upon arrival..."
460,Price,1,,,"PositiveReview — ""Location was excellent and staff was very polite. Room was very clean upon arrival..."
460,Facility,1,,,"PositiveReview — ""Location was excellent and staff was very polite. Room was very clean upon arrival..."
460,Check-in,1,,,"PositiveReview — ""Location was excellent and staff was very polite. Room was very clean upon arrival..."
460,Check-out,1,,,"PositiveReview — ""Location was excellent and staff was very polite. Room was very clean upon arrival..."
460,Off,1,,,"PositiveReview — ""Location was excellent and staff was very polite. Room was very clean upon arrival..."
460,Booking-issue,1,,,"PositiveReview — ""Location was excellent and staff was very polite. Room was very clean upon arrival..."
460,Taxi-issue,1,,,"PositiveReview — ""Location was excellent and staff was very polite. Room was very clean upon arrival..."
471,Room,1,,,"PositiveReview — ""Very clean, modern rooms, comfortable bed and good shower. Very helpful staff. Exc..."
471,Staff,1,,,"PositiveReview — ""Very clean, modern rooms, comfortable bed and good shower. Very helpful staff. Exc..."
471,Location,1,,,"PositiveReview — ""Very clean, modern rooms, comfortable bed and good shower. Very helpful staff. Exc..."
471,Food,1,,,"PositiveReview — ""Very clean, modern rooms, comfortable bed and good shower. Very helpful staff. Exc..."
471,Price,1,,,"PositiveReview — ""Very clean, modern rooms, comfortable bed and good shower. Very helpful staff. Exc..."
471,Facility,1,,,"PositiveReview — ""Very clean, modern rooms, comfortable bed and good shower. Very helpful staff. Exc..."
471,Check-in,1,,,"PositiveReview — ""Very clean, modern rooms, comfortable bed and good shower. Very helpful staff. Exc..."
471,Check-out,1,,,"PositiveReview — ""Very clean, modern rooms, comfortable bed and good shower. Very helpful staff. Exc..."
471,Off,1,,,"PositiveReview — ""Very clean, modern rooms, comfortable bed and good shower. Very helpful staff. Exc..."
471,Booking-issue,1,,,"PositiveReview — ""Very clean, modern rooms, comfortable bed and good shower. Very helpful staff. Exc..."
471,Taxi-issue,1,,,"PositiveReview — ""Very clean, modern rooms, comfortable bed and good shower. Very helpful staff. Exc..."
476,Room,1,,,"PositiveReview — ""The kindness of the staff, the size of the room, location.""
NegativeReview — """""
476,Staff,1,,,"PositiveReview — ""The kindness of the staff, the size of the room, location.""
NegativeReview — """""
476,Location,1,,,"PositiveReview — ""The kindness of the staff, the size of the room, location.""
NegativeReview — """""
476,Food,1,,,"PositiveReview — ""The kindness of the staff, the size of the room, location.""
NegativeReview — """""
476,Price,1,,,"PositiveReview — ""The kindness of the staff, the size of the room, location.""
NegativeReview — """""
476,Facility,1,,,"PositiveReview — ""The kindness of the staff, the size of the room, location.""
NegativeReview — """""
476,Check-in,1,,,"PositiveReview — ""The kindness of the staff, the size of the room, location.""
NegativeReview — """""
476,Check-out,1,,,"PositiveReview — ""The kindness of the staff, the size of the room, location.""
NegativeReview — """""
476,Off,1,,,"PositiveReview — ""The kindness of the staff, the size of the room, location.""
NegativeReview — """""
476,Booking-issue,1,,,"PositiveReview — ""The kindness of the staff, the size of the room, location.""
NegativeReview — """""
476,Taxi-issue,1,,,"PositiveReview — ""The kindness of the staff, the size of the room, location.""
NegativeReview — """""
477,Room,1,,,"PositiveReview — ""Very kind staff. Delicious food, impeccable cleanliness.
  Thank you!""
NegativeRe..."
477,Staff,1,,,"PositiveReview — ""Very kind staff. Delicious food, impeccable cleanliness.
  Thank you!""
NegativeRe..."
477,Location,1,,,"PositiveReview — ""Very kind staff. Delicious food, impeccable cleanliness.
  Thank you!""
NegativeRe..."
477,Food,1,,,"PositiveReview — ""Very kind staff. Delicious food, impeccable cleanliness.
  Thank you!""
NegativeRe..."
477,Price,1,,,"PositiveReview — ""Very kind staff. Delicious food, impeccable cleanliness.
  Thank you!""
NegativeRe..."
477,Facility,1,,,"PositiveReview — ""Very kind staff. Delicious food, impeccable cleanliness.
  Thank you!""
NegativeRe..."
477,Check-in,1,,,"PositiveReview — ""Very kind staff. Delicious food, impeccable cleanliness.
  Thank you!""
NegativeRe..."
477,Check-out,1,,,"PositiveReview — ""Very kind staff. Delicious food, impeccable cleanliness.
  Thank you!""
NegativeRe..."
477,Off,1,,,"PositiveReview — ""Very kind staff. Delicious food, impeccable cleanliness.
  Thank you!""
NegativeRe..."
477,Booking-issue,1,,,"PositiveReview — ""Very kind staff. Delicious food, impeccable cleanliness.
  Thank you!""
NegativeRe..."
477,Taxi-issue,1,,,"PositiveReview — ""Very kind staff. Delicious food, impeccable cleanliness.
  Thank you!""
NegativeRe..."
490,Room,1,,,"PositiveReview — ""Proximity to the airport and excellent cuisine""
NegativeReview — ""Nothing"""
490,Staff,1,,,"PositiveReview — ""Proximity to the airport and excellent cuisine""
NegativeReview — ""Nothing"""
490,Location,1,,,"PositiveReview — ""Proximity to the airport and excellent cuisine""
NegativeReview — ""Nothing"""
490,Food,1,,,"PositiveReview — ""Proximity to the airport and excellent cuisine""
NegativeReview — ""Nothing"""
490,Price,1,,,"PositiveReview — ""Proximity to the airport and excellent cuisine""
NegativeReview — ""Nothing"""
490,Facility,1,,,"PositiveReview — ""Proximity to the airport and excellent cuisine""
NegativeReview — ""Nothing"""
490,Check-in,1,,,"PositiveReview — ""Proximity to the airport and excellent cuisine""
NegativeReview — ""Nothing"""
490,Check-out,1,,,"PositiveReview — ""Proximity to the airport and excellent cuisine""
NegativeReview — ""Nothing"""
490,Off,1,,,"PositiveReview — ""Proximity to the airport and excellent cuisine""
NegativeReview — ""Nothing"""
490,Booking-issue,1,,,"PositiveReview — ""Proximity to the airport and excellent cuisine""
NegativeReview — ""Nothing"""
490,Taxi-issue,1,,,"PositiveReview — ""Proximity to the airport and excellent cuisine""
NegativeReview — ""Nothing"""
501,Room,1,,,"PositiveReview — ""The hotel is very clean and close to the airport. Simple and comfortable rooms, yo..."
501,Staff,1,,,"PositiveReview — ""The hotel is very clean and close to the airport. Simple and comfortable rooms, yo..."
501,Location,1,,,"PositiveReview — ""The hotel is very clean and close to the airport. Simple and comfortable rooms, yo..."
501,Food,1,,,"PositiveReview — ""The hotel is very clean and close to the airport. Simple and comfortable rooms, yo..."
501,Price,1,,,"PositiveReview — ""The hotel is very clean and close to the airport. Simple and comfortable rooms, yo..."
501,Facility,1,,,"PositiveReview — ""The hotel is very clean and close to the airport. Simple and comfortable rooms, yo..."
501,Check-in,1,,,"PositiveReview — ""The hotel is very clean and close to the airport. Simple and comfortable rooms, yo..."
501,Check-out,1,,,"PositiveReview — ""The hotel is very clean and close to the airport. Simple and comfortable rooms, yo..."
501,Off,1,,,"PositiveReview — ""The hotel is very clean and close to the airport. Simple and comfortable rooms, yo..."
501,Booking-issue,1,,,"PositiveReview — ""The hotel is very clean and close to the airport. Simple and comfortable rooms, yo..."
501,Taxi-issue,1,,,"PositiveReview — ""The hotel is very clean and close to the airport. Simple and comfortable rooms, yo..."
503,Room,1,,,"PositiveReview — ""Close to the field, the staff is nice, the room is restful and pleasant, clean and..."
503,Staff,1,,,"PositiveReview — ""Close to the field, the staff is nice, the room is restful and pleasant, clean and..."
503,Location,1,,,"PositiveReview — ""Close to the field, the staff is nice, the room is restful and pleasant, clean and..."
503,Food,1,,,"PositiveReview — ""Close to the field, the staff is nice, the room is restful and pleasant, clean and..."
503,Price,1,,,"PositiveReview — ""Close to the field, the staff is nice, the room is restful and pleasant, clean and..."
503,Facility,1,,,"PositiveReview — ""Close to the field, the staff is nice, the room is restful and pleasant, clean and..."
503,Check-in,1,,,"PositiveReview — ""Close to the field, the staff is nice, the room is restful and pleasant, clean and..."
503,Check-out,1,,,"PositiveReview — ""Close to the field, the staff is nice, the room is restful and pleasant, clean and..."
503,Off,1,,,"PositiveReview — ""Close to the field, the staff is nice, the room is restful and pleasant, clean and..."
503,Booking-issue,1,,,"PositiveReview — ""Close to the field, the staff is nice, the room is restful and pleasant, clean and..."
503,Taxi-issue,1,,,"PositiveReview — ""Close to the field, the staff is nice, the room is restful and pleasant, clean and..."
504,Room,1,,,"PositiveReview — ""Everything is a perfect boutique hotel""
NegativeReview — """""
504,Staff,1,,,"PositiveReview — ""Everything is a perfect boutique hotel""
NegativeReview — """""
504,Location,1,,,"PositiveReview — ""Everything is a perfect boutique hotel""
NegativeReview — """""
504,Food,1,,,"PositiveReview — ""Everything is a perfect boutique hotel""
NegativeReview — """""
504,Price,1,,,"PositiveReview — ""Everything is a perfect boutique hotel""
NegativeReview — """""
504,Facility,1,,,"PositiveReview — ""Everything is a perfect boutique hotel""
NegativeReview — """""
504,Check-in,1,,,"PositiveReview — ""Everything is a perfect boutique hotel""
NegativeReview — """""
504,Check-out,1,,,"PositiveReview — ""Everything is a perfect boutique hotel""
NegativeReview — """""
504,Off,1,,,"PositiveReview — ""Everything is a perfect boutique hotel""
NegativeReview — """""
504,Booking-issue,1,,,"PositiveReview — ""Everything is a perfect boutique hotel""
NegativeReview — """""
504,Taxi-issue,1,,,"PositiveReview — ""Everything is a perfect boutique hotel""
NegativeReview — """""
505,Room,1,,,"PositiveReview — ""Modern furnished and very clean room, friendly staff. Nice restaurant in the house..."
505,Staff,1,,,"PositiveReview — ""Modern furnished and very clean room, friendly staff. Nice restaurant in the house..."
505,Location,1,,,"PositiveReview — ""Modern furnished and very clean room, friendly staff. Nice restaurant in the house..."
505,Food,1,,,"PositiveReview — ""Modern furnished and very clean room, friendly staff. Nice restaurant in the house..."
505,Price,1,,,"PositiveReview — ""Modern furnished and very clean room, friendly staff. Nice restaurant in the house..."
505,Facility,1,,,"PositiveReview — ""Modern furnished and very clean room, friendly staff. Nice restaurant in the house..."
505,Check-in,1,,,"PositiveReview — ""Modern furnished and very clean room, friendly staff. Nice restaurant in the house..."
505,Check-out,1,,,"PositiveReview — ""Modern furnished and very clean room, friendly staff. Nice restaurant in the house..."
505,Off,1,,,"PositiveReview — ""Modern furnished and very clean room, friendly staff. Nice restaurant in the house..."
505,Booking-issue,1,,,"PositiveReview — ""Modern furnished and very clean room, friendly staff. Nice restaurant in the house..."
505,Taxi-issue,1,,,"PositiveReview — ""Modern furnished and very clean room, friendly staff. Nice restaurant in the house..."
525,Room,1,,,"PositiveReview — ""clean, quiet, well organized""
NegativeReview — """""
525,Staff,1,,,"PositiveReview — ""clean, quiet, well organized""
NegativeReview — """""
525,Location,1,,,"PositiveReview — ""clean, quiet, well organized""
NegativeReview — """""
525,Food,1,,,"PositiveReview — ""clean, quiet, well organized""
NegativeReview — """""
525,Price,1,,,"PositiveReview — ""clean, quiet, well organized""
NegativeReview — """""
525,Facility,1,,,"PositiveReview — ""clean, quiet, well organized""
NegativeReview — """""
525,Check-in,1,,,"PositiveReview — ""clean, quiet, well organized""
NegativeReview — """""
525,Check-out,1,,,"PositiveReview — ""clean, quiet, well organized""
NegativeReview — """""
525,Off,1,,,"PositiveReview — ""clean, quiet, well organized""
NegativeReview — """""
525,Booking-issue,1,,,"PositiveReview — ""clean, quiet, well organized""
NegativeReview — """""
525,Taxi-issue,1,,,"PositiveReview — ""clean, quiet, well organized""
NegativeReview — """""
529,Room,1,,,"PositiveReview — ""Cleanliness/Towels: 10/10
  Design/Furniture: 10/10
  Staff: 10/10""
NegativeRevi..."
529,Staff,1,,,"PositiveReview — ""Cleanliness/Towels: 10/10
  Design/Furniture: 10/10
  Staff: 10/10""
NegativeRevi..."
529,Location,1,,,"PositiveReview — ""Cleanliness/Towels: 10/10
  Design/Furniture: 10/10
  Staff: 10/10""
NegativeRevi..."
529,Food,1,,,"PositiveReview — ""Cleanliness/Towels: 10/10
  Design/Furniture: 10/10
  Staff: 10/10""
NegativeRevi..."
529,Price,1,,,"PositiveReview — ""Cleanliness/Towels: 10/10
  Design/Furniture: 10/10
  Staff: 10/10""
NegativeRevi..."
529,Facility,1,,,"PositiveReview — ""Cleanliness/Towels: 10/10
  Design/Furniture: 10/10
  Staff: 10/10""
NegativeRevi..."
529,Check-in,1,,,"PositiveReview — ""Cleanliness/Towels: 10/10
  Design/Furniture: 10/10
  Staff: 10/10""
NegativeRevi..."
529,Check-out,1,,,"PositiveReview — ""Cleanliness/Towels: 10/10
  Design/Furniture: 10/10
  Staff: 10/10""
NegativeRevi..."
529,Off,1,,,"PositiveReview — ""Cleanliness/Towels: 10/10
  Design/Furniture: 10/10
  Staff: 10/10""
NegativeRevi..."
529,Booking-issue,1,,,"PositiveReview — ""Cleanliness/Towels: 10/10
  Design/Furniture: 10/10
  Staff: 10/10""
NegativeRevi..."
529,Taxi-issue,1,,,"PositiveReview — ""Cleanliness/Towels: 10/10
  Design/Furniture: 10/10
  Staff: 10/10""
NegativeRevi..."
533,Room,1,,,"PositiveReview — ""We did not have breakfast because we were leaving very early, however the restaura..."
533,Staff,1,,,"PositiveReview — ""We did not have breakfast because we were leaving very early, however the restaura..."
533,Location,1,,,"PositiveReview — ""We did not have breakfast because we were leaving very early, however the restaura..."
533,Food,1,,,"PositiveReview — ""We did not have breakfast because we were leaving very early, however the restaura..."
533,Price,1,,,"PositiveReview — ""We did not have breakfast because we were leaving very early, however the restaura..."
533,Facility,1,,,"PositiveReview — ""We did not have breakfast because we were leaving very early, however the restaura..."
533,Check-in,1,,,"PositiveReview — ""We did not have breakfast because we were leaving very early, however the restaura..."
533,Check-out,1,,,"PositiveReview — ""We did not have breakfast because we were leaving very early, however the restaura..."
533,Off,1,,,"PositiveReview — ""We did not have breakfast because we were leaving very early, however the restaura..."
533,Booking-issue,1,,,"PositiveReview — ""We did not have breakfast because we were leaving very early, however the restaura..."
533,Taxi-issue,1,,,"PositiveReview — ""We did not have breakfast because we were leaving very early, however the restaura..."
550,Room,1,,,"PositiveReview — ""The rooms are big and very clean! There is also a balcony. Tony the hotel owner is..."
550,Staff,1,,,"PositiveReview — ""The rooms are big and very clean! There is also a balcony. Tony the hotel owner is..."
550,Location,1,,,"PositiveReview — ""The rooms are big and very clean! There is also a balcony. Tony the hotel owner is..."
550,Food,1,,,"PositiveReview — ""The rooms are big and very clean! There is also a balcony. Tony the hotel owner is..."
550,Price,1,,,"PositiveReview — ""The rooms are big and very clean! There is also a balcony. Tony the hotel owner is..."
550,Facility,1,,,"PositiveReview — ""The rooms are big and very clean! There is also a balcony. Tony the hotel owner is..."
550,Check-in,1,,,"PositiveReview — ""The rooms are big and very clean! There is also a balcony. Tony the hotel owner is..."
550,Check-out,1,,,"PositiveReview — ""The rooms are big and very clean! There is also a balcony. Tony the hotel owner is..."
550,Off,1,,,"PositiveReview — ""The rooms are big and very clean! There is also a balcony. Tony the hotel owner is..."
550,Booking-issue,1,,,"PositiveReview — ""The rooms are big and very clean! There is also a balcony. Tony the hotel owner is..."
550,Taxi-issue,1,,,"PositiveReview — ""The rooms are big and very clean! There is also a balcony. Tony the hotel owner is..."
564,Room,1,,,"PositiveReview — ""The room was spotless and the sheets were musky! While we had booked a double room..."
564,Staff,1,,,"PositiveReview — ""The room was spotless and the sheets were musky! While we had booked a double room..."
564,Location,1,,,"PositiveReview — ""The room was spotless and the sheets were musky! While we had booked a double room..."
564,Food,1,,,"PositiveReview — ""The room was spotless and the sheets were musky! While we had booked a double room..."
564,Price,1,,,"PositiveReview — ""The room was spotless and the sheets were musky! While we had booked a double room..."
564,Facility,1,,,"PositiveReview — ""The room was spotless and the sheets were musky! While we had booked a double room..."
564,Check-in,1,,,"PositiveReview — ""The room was spotless and the sheets were musky! While we had booked a double room..."
564,Check-out,1,,,"PositiveReview — ""The room was spotless and the sheets were musky! While we had booked a double room..."
564,Off,1,,,"PositiveReview — ""The room was spotless and the sheets were musky! While we had booked a double room..."
564,Booking-issue,1,,,"PositiveReview — ""The room was spotless and the sheets were musky! While we had booked a double room..."
564,Taxi-issue,1,,,"PositiveReview — ""The room was spotless and the sheets were musky! While we had booked a double room..."
578,Room,1,,,"PositiveReview — ""Good, firm beds and nice air conditioning in the room. We were especially impresse..."
578,Staff,1,,,"PositiveReview — ""Good, firm beds and nice air conditioning in the room. We were especially impresse..."
578,Location,1,,,"PositiveReview — ""Good, firm beds and nice air conditioning in the room. We were especially impresse..."
578,Food,1,,,"PositiveReview — ""Good, firm beds and nice air conditioning in the room. We were especially impresse..."
578,Price,1,,,"PositiveReview — ""Good, firm beds and nice air conditioning in the room. We were especially impresse..."
578,Facility,1,,,"PositiveReview — ""Good, firm beds and nice air conditioning in the room. We were especially impresse..."
578,Check-in,1,,,"PositiveReview — ""Good, firm beds and nice air conditioning in the room. We were especially impresse..."
578,Check-out,1,,,"PositiveReview — ""Good, firm beds and nice air conditioning in the room. We were especially impresse..."
578,Off,1,,,"PositiveReview — ""Good, firm beds and nice air conditioning in the room. We were especially impresse..."
578,Booking-issue,1,,,"PositiveReview — ""Good, firm beds and nice air conditioning in the room. We were especially impresse..."
578,Taxi-issue,1,,,"PositiveReview — ""Good, firm beds and nice air conditioning in the room. We were especially impresse..."
580,Room,1,,,"PositiveReview — ""Super establishment undervalued in my opinion with an available, pleasant and very..."
580,Staff,1,,,"PositiveReview — ""Super establishment undervalued in my opinion with an available, pleasant and very..."
580,Location,1,,,"PositiveReview — ""Super establishment undervalued in my opinion with an available, pleasant and very..."
580,Food,1,,,"PositiveReview — ""Super establishment undervalued in my opinion with an available, pleasant and very..."
580,Price,1,,,"PositiveReview — ""Super establishment undervalued in my opinion with an available, pleasant and very..."
580,Facility,1,,,"PositiveReview — ""Super establishment undervalued in my opinion with an available, pleasant and very..."
580,Check-in,1,,,"PositiveReview — ""Super establishment undervalued in my opinion with an available, pleasant and very..."
580,Check-out,1,,,"PositiveReview — ""Super establishment undervalued in my opinion with an available, pleasant and very..."
580,Off,1,,,"PositiveReview — ""Super establishment undervalued in my opinion with an available, pleasant and very..."
580,Booking-issue,1,,,"PositiveReview — ""Super establishment undervalued in my opinion with an available, pleasant and very..."
580,Taxi-issue,1,,,"PositiveReview — ""Super establishment undervalued in my opinion with an available, pleasant and very..."
589,Room,1,,,"PositiveReview — ""Arrival at 5am, just for one night.
  The owners left us clear and precise inform..."
589,Staff,1,,,"PositiveReview — ""Arrival at 5am, just for one night.
  The owners left us clear and precise inform..."
589,Location,1,,,"PositiveReview — ""Arrival at 5am, just for one night.
  The owners left us clear and precise inform..."
589,Food,1,,,"PositiveReview — ""Arrival at 5am, just for one night.
  The owners left us clear and precise inform..."
589,Price,1,,,"PositiveReview — ""Arrival at 5am, just for one night.
  The owners left us clear and precise inform..."
589,Facility,1,,,"PositiveReview — ""Arrival at 5am, just for one night.
  The owners left us clear and precise inform..."
589,Check-in,1,,,"PositiveReview — ""Arrival at 5am, just for one night.
  The owners left us clear and precise inform..."
589,Check-out,1,,,"PositiveReview — ""Arrival at 5am, just for one night.
  The owners left us clear and precise inform..."
589,Off,1,,,"PositiveReview — ""Arrival at 5am, just for one night.
  The owners left us clear and precise inform..."
589,Booking-issue,1,,,"PositiveReview — ""Arrival at 5am, just for one night.
  The owners left us clear and precise inform..."
589,Taxi-issue,1,,,"PositiveReview — ""Arrival at 5am, just for one night.
  The owners left us clear and precise inform..."
596,Room,1,,,"PositiveReview — ""very clean cheap, modern room""
NegativeReview — ""Noisy outside"""
596,Staff,1,,,"PositiveReview — ""very clean cheap, modern room""
NegativeReview — ""Noisy outside"""
596,Location,1,,,"PositiveReview — ""very clean cheap, modern room""
NegativeReview — ""Noisy outside"""
596,Food,1,,,"PositiveReview — ""very clean cheap, modern room""
NegativeReview — ""Noisy outside"""
596,Price,1,,,"PositiveReview — ""very clean cheap, modern room""
NegativeReview — ""Noisy outside"""
596,Facility,1,,,"PositiveReview — ""very clean cheap, modern room""
NegativeReview — ""Noisy outside"""
596,Check-in,1,,,"PositiveReview — ""very clean cheap, modern room""
NegativeReview — ""Noisy outside"""
596,Check-out,1,,,"PositiveReview — ""very clean cheap, modern room""
NegativeReview — ""Noisy outside"""
596,Off,1,,,"PositiveReview — ""very clean cheap, modern room""
NegativeReview — ""Noisy outside"""
596,Booking-issue,1,,,"PositiveReview — ""very clean cheap, modern room""
NegativeReview — ""Noisy outside"""
596,Taxi-issue,1,,,"PositiveReview — ""very clean cheap, modern room""
NegativeReview — ""Noisy outside"""
611,Room,1,,,"PositiveReview — ""The kindness and availability of the staff, the restaurant offering a good quality..."
611,Staff,1,,,"PositiveReview — ""The kindness and availability of the staff, the restaurant offering a good quality..."
611,Location,1,,,"PositiveReview — ""The kindness and availability of the staff, the restaurant offering a good quality..."
611,Food,1,,,"PositiveReview — ""The kindness and availability of the staff, the restaurant offering a good quality..."
611,Price,1,,,"PositiveReview — ""The kindness and availability of the staff, the restaurant offering a good quality..."
611,Facility,1,,,"PositiveReview — ""The kindness and availability of the staff, the restaurant offering a good quality..."
611,Check-in,1,,,"PositiveReview — ""The kindness and availability of the staff, the restaurant offering a good quality..."
611,Check-out,1,,,"PositiveReview — ""The kindness and availability of the staff, the restaurant offering a good quality..."
611,Off,1,,,"PositiveReview — ""The kindness and availability of the staff, the restaurant offering a good quality..."
611,Booking-issue,1,,,"PositiveReview — ""The kindness and availability of the staff, the restaurant offering a good quality..."
611,Taxi-issue,1,,,"PositiveReview — ""The kindness and availability of the staff, the restaurant offering a good quality..."
633,Room,1,,,"PositiveReview — ""Even though we arrived at 3 a.m., they waited for us. Very friendly, very clean! c..."
633,Staff,1,,,"PositiveReview — ""Even though we arrived at 3 a.m., they waited for us. Very friendly, very clean! c..."
633,Location,1,,,"PositiveReview — ""Even though we arrived at 3 a.m., they waited for us. Very friendly, very clean! c..."
633,Food,1,,,"PositiveReview — ""Even though we arrived at 3 a.m., they waited for us. Very friendly, very clean! c..."
633,Price,1,,,"PositiveReview — ""Even though we arrived at 3 a.m., they waited for us. Very friendly, very clean! c..."
633,Facility,1,,,"PositiveReview — ""Even though we arrived at 3 a.m., they waited for us. Very friendly, very clean! c..."
633,Check-in,1,,,"PositiveReview — ""Even though we arrived at 3 a.m., they waited for us. Very friendly, very clean! c..."
633,Check-out,1,,,"PositiveReview — ""Even though we arrived at 3 a.m., they waited for us. Very friendly, very clean! c..."
633,Off,1,,,"PositiveReview — ""Even though we arrived at 3 a.m., they waited for us. Very friendly, very clean! c..."
633,Booking-issue,1,,,"PositiveReview — ""Even though we arrived at 3 a.m., they waited for us. Very friendly, very clean! c..."
633,Taxi-issue,1,,,"PositiveReview — ""Even though we arrived at 3 a.m., they waited for us. Very friendly, very clean! c..."
641,Room,1,,,"PositiveReview — ""Very friendly staff, very clean everywhere. Nice room with a nice balcony. Quiet a..."
641,Staff,1,,,"PositiveReview — ""Very friendly staff, very clean everywhere. Nice room with a nice balcony. Quiet a..."
641,Location,1,,,"PositiveReview — ""Very friendly staff, very clean everywhere. Nice room with a nice balcony. Quiet a..."
641,Food,1,,,"PositiveReview — ""Very friendly staff, very clean everywhere. Nice room with a nice balcony. Quiet a..."
641,Price,1,,,"PositiveReview — ""Very friendly staff, very clean everywhere. Nice room with a nice balcony. Quiet a..."
641,Facility,1,,,"PositiveReview — ""Very friendly staff, very clean everywhere. Nice room with a nice balcony. Quiet a..."
641,Check-in,1,,,"PositiveReview — ""Very friendly staff, very clean everywhere. Nice room with a nice balcony. Quiet a..."
641,Check-out,1,,,"PositiveReview — ""Very friendly staff, very clean everywhere. Nice room with a nice balcony. Quiet a..."
641,Off,1,,,"PositiveReview — ""Very friendly staff, very clean everywhere. Nice room with a nice balcony. Quiet a..."
641,Booking-issue,1,,,"PositiveReview — ""Very friendly staff, very clean everywhere. Nice room with a nice balcony. Quiet a..."
641,Taxi-issue,1,,,"PositiveReview — ""Very friendly staff, very clean everywhere. Nice room with a nice balcony. Quiet a..."
646,Room,1,,,"PositiveReview — ""The hotel is clean, comfortable and a good location. Very close to Salt Lake and M..."
646,Staff,1,,,"PositiveReview — ""The hotel is clean, comfortable and a good location. Very close to Salt Lake and M..."
646,Location,1,,,"PositiveReview — ""The hotel is clean, comfortable and a good location. Very close to Salt Lake and M..."
646,Food,1,,,"PositiveReview — ""The hotel is clean, comfortable and a good location. Very close to Salt Lake and M..."
646,Price,1,,,"PositiveReview — ""The hotel is clean, comfortable and a good location. Very close to Salt Lake and M..."
646,Facility,1,,,"PositiveReview — ""The hotel is clean, comfortable and a good location. Very close to Salt Lake and M..."
646,Check-in,1,,,"PositiveReview — ""The hotel is clean, comfortable and a good location. Very close to Salt Lake and M..."
646,Check-out,1,,,"PositiveReview — ""The hotel is clean, comfortable and a good location. Very close to Salt Lake and M..."
646,Off,1,,,"PositiveReview — ""The hotel is clean, comfortable and a good location. Very close to Salt Lake and M..."
646,Booking-issue,1,,,"PositiveReview — ""The hotel is clean, comfortable and a good location. Very close to Salt Lake and M..."
646,Taxi-issue,1,,,"PositiveReview — ""The hotel is clean, comfortable and a good location. Very close to Salt Lake and M..."
652,Room,1,,,"PositiveReview — ""Cleanliness 10/10!
  everything is white, bright, cozy!
  We spent one night bef..."
652,Staff,1,,,"PositiveReview — ""Cleanliness 10/10!
  everything is white, bright, cozy!
  We spent one night bef..."
652,Location,1,,,"PositiveReview — ""Cleanliness 10/10!
  everything is white, bright, cozy!
  We spent one night bef..."
652,Food,1,,,"PositiveReview — ""Cleanliness 10/10!
  everything is white, bright, cozy!
  We spent one night bef..."
652,Price,1,,,"PositiveReview — ""Cleanliness 10/10!
  everything is white, bright, cozy!
  We spent one night bef..."
652,Facility,1,,,"PositiveReview — ""Cleanliness 10/10!
  everything is white, bright, cozy!
  We spent one night bef..."
652,Check-in,1,,,"PositiveReview — ""Cleanliness 10/10!
  everything is white, bright, cozy!
  We spent one night bef..."
652,Check-out,1,,,"PositiveReview — ""Cleanliness 10/10!
  everything is white, bright, cozy!
  We spent one night bef..."
652,Off,1,,,"PositiveReview — ""Cleanliness 10/10!
  everything is white, bright, cozy!
  We spent one night bef..."
652,Booking-issue,1,,,"PositiveReview — ""Cleanliness 10/10!
  everything is white, bright, cozy!
  We spent one night bef..."
652,Taxi-issue,1,,,"PositiveReview — ""Cleanliness 10/10!
  everything is white, bright, cozy!
  We spent one night bef..."
653,Room,1,,,"PositiveReview — ""Very nice staff, comfortable beds, great shower. We stayed for one night before fl..."
653,Staff,1,,,"PositiveReview — ""Very nice staff, comfortable beds, great shower. We stayed for one night before fl..."
653,Location,1,,,"PositiveReview — ""Very nice staff, comfortable beds, great shower. We stayed for one night before fl..."
653,Food,1,,,"PositiveReview — ""Very nice staff, comfortable beds, great shower. We stayed for one night before fl..."
653,Price,1,,,"PositiveReview — ""Very nice staff, comfortable beds, great shower. We stayed for one night before fl..."
653,Facility,1,,,"PositiveReview — ""Very nice staff, comfortable beds, great shower. We stayed for one night before fl..."
653,Check-in,1,,,"PositiveReview — ""Very nice staff, comfortable beds, great shower. We stayed for one night before fl..."
653,Check-out,1,,,"PositiveReview — ""Very nice staff, comfortable beds, great shower. We stayed for one night before fl..."
653,Off,1,,,"PositiveReview — ""Very nice staff, comfortable beds, great shower. We stayed for one night before fl..."
653,Booking-issue,1,,,"PositiveReview — ""Very nice staff, comfortable beds, great shower. We stayed for one night before fl..."
653,Taxi-issue,1,,,"PositiveReview — ""Very nice staff, comfortable beds, great shower. We stayed for one night before fl..."
683,Room,1,,,"PositiveReview — ""Clean and modern hotel with very friendly staff.""
NegativeReview — """""
683,Staff,1,,,"PositiveReview — ""Clean and modern hotel with very friendly staff.""
NegativeReview — """""
683,Location,1,,,"PositiveReview — ""Clean and modern hotel with very friendly staff.""
NegativeReview — """""
683,Food,1,,,"PositiveReview — ""Clean and modern hotel with very friendly staff.""
NegativeReview — """""
683,Price,1,,,"PositiveReview — ""Clean and modern hotel with very friendly staff.""
NegativeReview — """""
683,Facility,1,,,"PositiveReview — ""Clean and modern hotel with very friendly staff.""
NegativeReview — """""
683,Check-in,1,,,"PositiveReview — ""Clean and modern hotel with very friendly staff.""
NegativeReview — """""
683,Check-out,1,,,"PositiveReview — ""Clean and modern hotel with very friendly staff.""
NegativeReview — """""
683,Off,1,,,"PositiveReview — ""Clean and modern hotel with very friendly staff.""
NegativeReview — """""
683,Booking-issue,1,,,"PositiveReview — ""Clean and modern hotel with very friendly staff.""
NegativeReview — """""
683,Taxi-issue,1,,,"PositiveReview — ""Clean and modern hotel with very friendly staff.""
NegativeReview — """""
691,Room,1,,,"PositiveReview — ""very clean Plenty of parking. Nice and kind staff.""
NegativeReview — """""
691,Staff,1,,,"PositiveReview — ""very clean Plenty of parking. Nice and kind staff.""
NegativeReview — """""
691,Location,1,,,"PositiveReview — ""very clean Plenty of parking. Nice and kind staff.""
NegativeReview — """""
691,Food,1,,,"PositiveReview — ""very clean Plenty of parking. Nice and kind staff.""
NegativeReview — """""
691,Price,1,,,"PositiveReview — ""very clean Plenty of parking. Nice and kind staff.""
NegativeReview — """""
691,Facility,1,,,"PositiveReview — ""very clean Plenty of parking. Nice and kind staff.""
NegativeReview — """""
691,Check-in,1,,,"PositiveReview — ""very clean Plenty of parking. Nice and kind staff.""
NegativeReview — """""
691,Check-out,1,,,"PositiveReview — ""very clean Plenty of parking. Nice and kind staff.""
NegativeReview — """""
691,Off,1,,,"PositiveReview — ""very clean Plenty of parking. Nice and kind staff.""
NegativeReview — """""
691,Booking-issue,1,,,"PositiveReview — ""very clean Plenty of parking. Nice and kind staff.""
NegativeReview — """""
691,Taxi-issue,1,,,"PositiveReview — ""very clean Plenty of parking. Nice and kind staff.""
NegativeReview — """""
695,Room,1,,,"PositiveReview — ""New hotel, with super clean rooms and comfortable beds. Family business and the ow..."
695,Staff,1,,,"PositiveReview — ""New hotel, with super clean rooms and comfortable beds. Family business and the ow..."
695,Location,1,,,"PositiveReview — ""New hotel, with super clean rooms and comfortable beds. Family business and the ow..."
695,Food,1,,,"PositiveReview — ""New hotel, with super clean rooms and comfortable beds. Family business and the ow..."
695,Price,1,,,"PositiveReview — ""New hotel, with super clean rooms and comfortable beds. Family business and the ow..."
695,Facility,1,,,"PositiveReview — ""New hotel, with super clean rooms and comfortable beds. Family business and the ow..."
695,Check-in,1,,,"PositiveReview — ""New hotel, with super clean rooms and comfortable beds. Family business and the ow..."
695,Check-out,1,,,"PositiveReview — ""New hotel, with super clean rooms and comfortable beds. Family business and the ow..."
695,Off,1,,,"PositiveReview — ""New hotel, with super clean rooms and comfortable beds. Family business and the ow..."
695,Booking-issue,1,,,"PositiveReview — ""New hotel, with super clean rooms and comfortable beds. Family business and the ow..."
695,Taxi-issue,1,,,"PositiveReview — ""New hotel, with super clean rooms and comfortable beds. Family business and the ow..."
706,Room,1,,,"PositiveReview — ""Very good accommodation in a perfect location, 7 minutes from the airport!""
Negati..."
706,Staff,1,,,"PositiveReview — ""Very good accommodation in a perfect location, 7 minutes from the airport!""
Negati..."
706,Location,1,,,"PositiveReview — ""Very good accommodation in a perfect location, 7 minutes from the airport!""
Negati..."
706,Food,1,,,"PositiveReview — ""Very good accommodation in a perfect location, 7 minutes from the airport!""
Negati..."
706,Price,1,,,"PositiveReview — ""Very good accommodation in a perfect location, 7 minutes from the airport!""
Negati..."
706,Facility,1,,,"PositiveReview — ""Very good accommodation in a perfect location, 7 minutes from the airport!""
Negati..."
706,Check-in,1,,,"PositiveReview — ""Very good accommodation in a perfect location, 7 minutes from the airport!""
Negati..."
706,Check-out,1,,,"PositiveReview — ""Very good accommodation in a perfect location, 7 minutes from the airport!""
Negati..."
706,Off,1,,,"PositiveReview — ""Very good accommodation in a perfect location, 7 minutes from the airport!""
Negati..."
706,Booking-issue,1,,,"PositiveReview — ""Very good accommodation in a perfect location, 7 minutes from the airport!""
Negati..."
706,Taxi-issue,1,,,"PositiveReview — ""Very good accommodation in a perfect location, 7 minutes from the airport!""
Negati..."
717,Room,1,,,"PositiveReview — ""Very accommodating and nice staff. Helpful. Top""
NegativeReview — """""
717,Staff,1,,,"PositiveReview — ""Very accommodating and nice staff. Helpful. Top""
NegativeReview — """""
717,Location,1,,,"PositiveReview — ""Very accommodating and nice staff. Helpful. Top""
NegativeReview — """""
717,Food,1,,,"PositiveReview — ""Very accommodating and nice staff. Helpful. Top""
NegativeReview — """""
717,Price,1,,,"PositiveReview — ""Very accommodating and nice staff. Helpful. Top""
NegativeReview — """""
717,Facility,1,,,"PositiveReview — ""Very accommodating and nice staff. Helpful. Top""
NegativeReview — """""
717,Check-in,1,,,"PositiveReview — ""Very accommodating and nice staff. Helpful. Top""
NegativeReview — """""
717,Check-out,1,,,"PositiveReview — ""Very accommodating and nice staff. Helpful. Top""
NegativeReview — """""
717,Off,1,,,"PositiveReview — ""Very accommodating and nice staff. Helpful. Top""
NegativeReview — """""
717,Booking-issue,1,,,"PositiveReview — ""Very accommodating and nice staff. Helpful. Top""
NegativeReview — """""
717,Taxi-issue,1,,,"PositiveReview — ""Very accommodating and nice staff. Helpful. Top""
NegativeReview — """""
755,Room,1,,,"PositiveReview — ""Very clean""
NegativeReview — """""
755,Staff,1,,,"PositiveReview — ""Very clean""
NegativeReview — """""
755,Location,1,,,"PositiveReview — ""Very clean""
NegativeReview — """""
755,Food,1,,,"PositiveReview — ""Very clean""
NegativeReview — """""
755,Price,1,,,"PositiveReview — ""Very clean""
NegativeReview — """""
755,Facility,1,,,"PositiveReview — ""Very clean""
NegativeReview — """""
755,Check-in,1,,,"PositiveReview — ""Very clean""
NegativeReview — """""
755,Check-out,1,,,"PositiveReview — ""Very clean""
NegativeReview — """""
755,Off,1,,,"PositiveReview — ""Very clean""
NegativeReview — """""
755,Booking-issue,1,,,"PositiveReview — ""Very clean""
NegativeReview — """""
755,Taxi-issue,1,,,"PositiveReview — ""Very clean""
NegativeReview — """""
768,Room,1,,,"PositiveReview — ""- terrace in the room,
  - well-furnished room and bathroom,
  - location of the..."
768,Staff,1,,,"PositiveReview — ""- terrace in the room,
  - well-furnished room and bathroom,
  - location of the..."
768,Location,1,,,"PositiveReview — ""- terrace in the room,
  - well-furnished room and bathroom,
  - location of the..."
768,Food,1,,,"PositiveReview — ""- terrace in the room,
  - well-furnished room and bathroom,
  - location of the..."
768,Price,1,,,"PositiveReview — ""- terrace in the room,
  - well-furnished room and bathroom,
  - location of the..."
768,Facility,1,,,"PositiveReview — ""- terrace in the room,
  - well-furnished room and bathroom,
  - location of the..."
768,Check-in,1,,,"PositiveReview — ""- terrace in the room,
  - well-furnished room and bathroom,
  - location of the..."
768,Check-out,1,,,"PositiveReview — ""- terrace in the room,
  - well-furnished room and bathroom,
  - location of the..."
768,Off,1,,,"PositiveReview — ""- terrace in the room,
  - well-furnished room and bathroom,
  - location of the..."
768,Booking-issue,1,,,"PositiveReview — ""- terrace in the room,
  - well-furnished room and bathroom,
  - location of the..."
768,Taxi-issue,1,,,"PositiveReview — ""- terrace in the room,
  - well-furnished room and bathroom,
  - location of the..."
774,Room,1,,,"PositiveReview — ""comfortable and clean room, good location and kind staff""
NegativeReview — ""diffic..."
774,Staff,1,,,"PositiveReview — ""comfortable and clean room, good location and kind staff""
NegativeReview — ""diffic..."
774,Location,1,,,"PositiveReview — ""comfortable and clean room, good location and kind staff""
NegativeReview — ""diffic..."
774,Food,1,,,"PositiveReview — ""comfortable and clean room, good location and kind staff""
NegativeReview — ""diffic..."
774,Price,1,,,"PositiveReview — ""comfortable and clean room, good location and kind staff""
NegativeReview — ""diffic..."
774,Facility,1,,,"PositiveReview — ""comfortable and clean room, good location and kind staff""
NegativeReview — ""diffic..."
774,Check-in,1,,,"PositiveReview — ""comfortable and clean room, good location and kind staff""
NegativeReview — ""diffic..."
774,Check-out,1,,,"PositiveReview — ""comfortable and clean room, good location and kind staff""
NegativeReview — ""diffic..."
774,Off,1,,,"PositiveReview — ""comfortable and clean room, good location and kind staff""
NegativeReview — ""diffic..."
774,Booking-issue,1,,,"PositiveReview — ""comfortable and clean room, good location and kind staff""
NegativeReview — ""diffic..."
774,Taxi-issue,1,,,"PositiveReview — ""comfortable and clean room, good location and kind staff""
NegativeReview — ""diffic..."
780,Room,1,,,"PositiveReview — ""Cozy hotel, nice room, large room size, location near mackenzie beach.""
NegativeRe..."
780,Staff,1,,,"PositiveReview — ""Cozy hotel, nice room, large room size, location near mackenzie beach.""
NegativeRe..."
780,Location,1,,,"PositiveReview — ""Cozy hotel, nice room, large room size, location near mackenzie beach.""
NegativeRe..."
780,Food,1,,,"PositiveReview — ""Cozy hotel, nice room, large room size, location near mackenzie beach.""
NegativeRe..."
780,Price,1,,,"PositiveReview — ""Cozy hotel, nice room, large room size, location near mackenzie beach.""
NegativeRe..."
780,Facility,1,,,"PositiveReview — ""Cozy hotel, nice room, large room size, location near mackenzie beach.""
NegativeRe..."
780,Check-in,1,,,"PositiveReview — ""Cozy hotel, nice room, large room size, location near mackenzie beach.""
NegativeRe..."
780,Check-out,1,,,"PositiveReview — ""Cozy hotel, nice room, large room size, location near mackenzie beach.""
NegativeRe..."
780,Off,1,,,"PositiveReview — ""Cozy hotel, nice room, large room size, location near mackenzie beach.""
NegativeRe..."
780,Booking-issue,1,,,"PositiveReview — ""Cozy hotel, nice room, large room size, location near mackenzie beach.""
NegativeRe..."
780,Taxi-issue,1,,,"PositiveReview — ""Cozy hotel, nice room, large room size, location near mackenzie beach.""
NegativeRe..."
